ISO-10303-21;
HEADER;
FILE_DESCRIPTION(('Open CASCADE Model'),'2;1');
FILE_NAME('Open CASCADE Shape Model','2026-06-02T21:39:04',('Author'),(
    'Open CASCADE'),'Open CASCADE STEP processor 7.8','Open CASCADE 7.8'
  ,'Unknown');
FILE_SCHEMA(('AUTOMOTIVE_DESIGN { 1 0 10303 214 1 1 1 1 }'));
ENDSEC;
DATA;
#1 = APPLICATION_PROTOCOL_DEFINITION('international standard',
  'automotive_design',2000,#2);
#2 = APPLICATION_CONTEXT(
  'core data for automotive mechanical design processes');
#3 = SHAPE_DEFINITION_REPRESENTATION(#4,#10);
#4 = PRODUCT_DEFINITION_SHAPE('','',#5);
#5 = PRODUCT_DEFINITION('design','',#6,#9);
#6 = PRODUCT_DEFINITION_FORMATION('','',#7);
#7 = PRODUCT('Open CASCADE STEP translator 7.8 15',
  'Open CASCADE STEP translator 7.8 15','',(#8));
#8 = PRODUCT_CONTEXT('',#2,'mechanical');
#9 = PRODUCT_DEFINITION_CONTEXT('part definition',#2,'design');
#10 = ADVANCED_BREP_SHAPE_REPRESENTATION('',(#11,#15),#2031);
#11 = AXIS2_PLACEMENT_3D('',#12,#13,#14);
#12 = CARTESIAN_POINT('',(0.,0.,0.));
#13 = DIRECTION('',(0.,0.,1.));
#14 = DIRECTION('',(1.,0.,-0.));
#15 = MANIFOLD_SOLID_BREP('',#16);
#16 = CLOSED_SHELL('',(#17,#364,#603,#1248,#1278,#1349,#1389,#1419,#1972
    ,#2021,#2026));
#17 = ADVANCED_FACE('',(#18),#33,.T.);
#18 = FACE_BOUND('',#19,.F.);
#19 = EDGE_LOOP('',(#20,#56,#79,#106,#107,#131));
#20 = ORIENTED_EDGE('',*,*,#21,.F.);
#21 = EDGE_CURVE('',#22,#24,#26,.T.);
#22 = VERTEX_POINT('',#23);
#23 = CARTESIAN_POINT('',(20.,0.,0.));
#24 = VERTEX_POINT('',#25);
#25 = CARTESIAN_POINT('',(-13.22875655532,15.,0.));
#26 = SURFACE_CURVE('',#27,(#32,#44),.PCURVE_S1.);
#27 = CIRCLE('',#28,20.);
#28 = AXIS2_PLACEMENT_3D('',#29,#30,#31);
#29 = CARTESIAN_POINT('',(0.,0.,0.));
#30 = DIRECTION('',(0.,0.,1.));
#31 = DIRECTION('',(1.,0.,0.));
#32 = PCURVE('',#33,#38);
#33 = CYLINDRICAL_SURFACE('',#34,20.);
#34 = AXIS2_PLACEMENT_3D('',#35,#36,#37);
#35 = CARTESIAN_POINT('',(0.,0.,0.));
#36 = DIRECTION('',(-0.,-0.,-1.));
#37 = DIRECTION('',(1.,0.,0.));
#38 = DEFINITIONAL_REPRESENTATION('',(#39),#43);
#39 = LINE('',#40,#41);
#40 = CARTESIAN_POINT('',(-0.,0.));
#41 = VECTOR('',#42,1.);
#42 = DIRECTION('',(-1.,0.));
#43 = ( GEOMETRIC_REPRESENTATION_CONTEXT(2) 
PARAMETRIC_REPRESENTATION_CONTEXT() REPRESENTATION_CONTEXT('2D SPACE',''
  ) );
#44 = PCURVE('',#45,#50);
#45 = PLANE('',#46);
#46 = AXIS2_PLACEMENT_3D('',#47,#48,#49);
#47 = CARTESIAN_POINT('',(-1.093952106032E-15,2.775209066E-16,0.));
#48 = DIRECTION('',(0.,0.,1.));
#49 = DIRECTION('',(1.,0.,-0.));
#50 = DEFINITIONAL_REPRESENTATION('',(#51),#55);
#51 = CIRCLE('',#52,20.);
#52 = AXIS2_PLACEMENT_2D('',#53,#54);
#53 = CARTESIAN_POINT('',(1.093952106032E-15,-2.775209066E-16));
#54 = DIRECTION('',(1.,0.));
#55 = ( GEOMETRIC_REPRESENTATION_CONTEXT(2) 
PARAMETRIC_REPRESENTATION_CONTEXT() REPRESENTATION_CONTEXT('2D SPACE',''
  ) );
#56 = ORIENTED_EDGE('',*,*,#57,.T.);
#57 = EDGE_CURVE('',#22,#58,#60,.T.);
#58 = VERTEX_POINT('',#59);
#59 = CARTESIAN_POINT('',(20.,0.,80.));
#60 = SEAM_CURVE('',#61,(#65,#72),.PCURVE_S1.);
#61 = LINE('',#62,#63);
#62 = CARTESIAN_POINT('',(20.,0.,0.));
#63 = VECTOR('',#64,1.);
#64 = DIRECTION('',(0.,0.,1.));
#65 = PCURVE('',#33,#66);
#66 = DEFINITIONAL_REPRESENTATION('',(#67),#71);
#67 = LINE('',#68,#69);
#68 = CARTESIAN_POINT('',(-6.28318530718,0.));
#69 = VECTOR('',#70,1.);
#70 = DIRECTION('',(-0.,-1.));
#71 = ( GEOMETRIC_REPRESENTATION_CONTEXT(2) 
PARAMETRIC_REPRESENTATION_CONTEXT() REPRESENTATION_CONTEXT('2D SPACE',''
  ) );
#72 = PCURVE('',#33,#73);
#73 = DEFINITIONAL_REPRESENTATION('',(#74),#78);
#74 = LINE('',#75,#76);
#75 = CARTESIAN_POINT('',(-0.,0.));
#76 = VECTOR('',#77,1.);
#77 = DIRECTION('',(-0.,-1.));
#78 = ( GEOMETRIC_REPRESENTATION_CONTEXT(2) 
PARAMETRIC_REPRESENTATION_CONTEXT() REPRESENTATION_CONTEXT('2D SPACE',''
  ) );
#79 = ORIENTED_EDGE('',*,*,#80,.T.);
#80 = EDGE_CURVE('',#58,#58,#81,.T.);
#81 = SURFACE_CURVE('',#82,(#87,#94),.PCURVE_S1.);
#82 = CIRCLE('',#83,20.);
#83 = AXIS2_PLACEMENT_3D('',#84,#85,#86);
#84 = CARTESIAN_POINT('',(0.,0.,80.));
#85 = DIRECTION('',(0.,0.,1.));
#86 = DIRECTION('',(1.,0.,0.));
#87 = PCURVE('',#33,#88);
#88 = DEFINITIONAL_REPRESENTATION('',(#89),#93);
#89 = LINE('',#90,#91);
#90 = CARTESIAN_POINT('',(-0.,-80.));
#91 = VECTOR('',#92,1.);
#92 = DIRECTION('',(-1.,0.));
#93 = ( GEOMETRIC_REPRESENTATION_CONTEXT(2) 
PARAMETRIC_REPRESENTATION_CONTEXT() REPRESENTATION_CONTEXT('2D SPACE',''
  ) );
#94 = PCURVE('',#95,#100);
#95 = PLANE('',#96);
#96 = AXIS2_PLACEMENT_3D('',#97,#98,#99);
#97 = CARTESIAN_POINT('',(-1.093952106032E-15,2.775209066E-16,80.));
#98 = DIRECTION('',(0.,0.,1.));
#99 = DIRECTION('',(1.,0.,-0.));
#100 = DEFINITIONAL_REPRESENTATION('',(#101),#105);
#101 = CIRCLE('',#102,20.);
#102 = AXIS2_PLACEMENT_2D('',#103,#104);
#103 = CARTESIAN_POINT('',(1.093952106032E-15,-2.775209066E-16));
#104 = DIRECTION('',(1.,0.));
#105 = ( GEOMETRIC_REPRESENTATION_CONTEXT(2) 
PARAMETRIC_REPRESENTATION_CONTEXT() REPRESENTATION_CONTEXT('2D SPACE',''
  ) );
#106 = ORIENTED_EDGE('',*,*,#57,.F.);
#107 = ORIENTED_EDGE('',*,*,#108,.F.);
#108 = EDGE_CURVE('',#109,#22,#111,.T.);
#109 = VERTEX_POINT('',#110);
#110 = CARTESIAN_POINT('',(-13.22875655532,-15.,0.));
#111 = SURFACE_CURVE('',#112,(#117,#124),.PCURVE_S1.);
#112 = CIRCLE('',#113,20.);
#113 = AXIS2_PLACEMENT_3D('',#114,#115,#116);
#114 = CARTESIAN_POINT('',(0.,0.,0.));
#115 = DIRECTION('',(0.,0.,1.));
#116 = DIRECTION('',(1.,0.,0.));
#117 = PCURVE('',#33,#118);
#118 = DEFINITIONAL_REPRESENTATION('',(#119),#123);
#119 = LINE('',#120,#121);
#120 = CARTESIAN_POINT('',(-0.,0.));
#121 = VECTOR('',#122,1.);
#122 = DIRECTION('',(-1.,0.));
#123 = ( GEOMETRIC_REPRESENTATION_CONTEXT(2) 
PARAMETRIC_REPRESENTATION_CONTEXT() REPRESENTATION_CONTEXT('2D SPACE',''
  ) );
#124 = PCURVE('',#45,#125);
#125 = DEFINITIONAL_REPRESENTATION('',(#126),#130);
#126 = CIRCLE('',#127,20.);
#127 = AXIS2_PLACEMENT_2D('',#128,#129);
#128 = CARTESIAN_POINT('',(1.093952106032E-15,-2.775209066E-16));
#129 = DIRECTION('',(1.,0.));
#130 = ( GEOMETRIC_REPRESENTATION_CONTEXT(2) 
PARAMETRIC_REPRESENTATION_CONTEXT() REPRESENTATION_CONTEXT('2D SPACE',''
  ) );
#131 = ORIENTED_EDGE('',*,*,#132,.F.);
#132 = EDGE_CURVE('',#24,#109,#133,.T.);
#133 = SURFACE_CURVE('',#134,(#207,#283),.PCURVE_S1.);
#134 = B_SPLINE_CURVE_WITH_KNOTS('',8,(#135,#136,#137,#138,#139,#140,
    #141,#142,#143,#144,#145,#146,#147,#148,#149,#150,#151,#152,#153,
    #154,#155,#156,#157,#158,#159,#160,#161,#162,#163,#164,#165,#166,
    #167,#168,#169,#170,#171,#172,#173,#174,#175,#176,#177,#178,#179,
    #180,#181,#182,#183,#184,#185,#186,#187,#188,#189,#190,#191,#192,
    #193,#194,#195,#196,#197,#198,#199,#200,#201,#202,#203,#204,#205,
    #206),.UNSPECIFIED.,.F.,.F.,(9,7,7,7,7,7,7,7,7,7,9),(0.,
    9.687646592707E-02,0.216125822792,0.351113856057,0.400284171959,
    0.438642307328,0.501147608308,0.562817928647,0.601512804887,
    0.786271263061,1.),.UNSPECIFIED.);
#135 = CARTESIAN_POINT('',(-13.22875655532,15.,-3.673940398937E-15));
#136 = CARTESIAN_POINT('',(-13.22875655532,15.,0.524053305144));
#137 = CARTESIAN_POINT('',(-13.25248250103,14.979075491102,
    1.046957394241));
#138 = CARTESIAN_POINT('',(-13.29975226763,14.937387922078,
    1.567735917827));
#139 = CARTESIAN_POINT('',(-13.36989894385,14.875150647985,
    2.085376333544));
#140 = CARTESIAN_POINT('',(-13.46176557494,14.792651173761,
    2.598748591498));
#141 = CARTESIAN_POINT('',(-13.57372162918,14.6903102223,3.106543410853)
  );
#142 = CARTESIAN_POINT('',(-13.70370118836,14.568777627008,
    3.607230147677));
#143 = CARTESIAN_POINT('',(-14.02844090859,14.257086901939,4.70441681859
    ));
#144 = CARTESIAN_POINT('',(-14.23158098968,14.057224730757,
    5.297528463646));
#145 = CARTESIAN_POINT('',(-14.45533754001,13.830167159968,
    5.878507524661));
#146 = CARTESIAN_POINT('',(-14.69645652408,13.576316653584,6.44730764139
    ));
#147 = CARTESIAN_POINT('',(-14.95185280992,13.295847027804,
    7.003739665341));
#148 = CARTESIAN_POINT('',(-15.21864290744,12.988727527235,
    7.547490881926));
#149 = CARTESIAN_POINT('',(-15.49413307145,12.6547134645,8.078121547335)
  );
#150 = CARTESIAN_POINT('',(-16.09456229953,11.884194041389,
    9.180179298114));
#151 = CARTESIAN_POINT('',(-16.42107664556,11.440176399798,
    9.747468038935));
#152 = CARTESIAN_POINT('',(-16.75225072211,10.959722862395,
    10.29730021154));
#153 = CARTESIAN_POINT('',(-17.08515545799,10.440747679332,
    10.829244827008));
#154 = CARTESIAN_POINT('',(-17.4166377947,9.88075727655,11.341940772141)
  );
#155 = CARTESIAN_POINT('',(-17.74302574646,9.277019197109,
    11.832968623605));
#156 = CARTESIAN_POINT('',(-18.05988852141,8.626749694288,
    12.298698162618));
#157 = CARTESIAN_POINT('',(-18.47184386164,7.672547910022,
    12.892713914123));
#158 = CARTESIAN_POINT('',(-18.57990928046,7.411136966016,
    13.047366295342));
#159 = CARTESIAN_POINT('',(-18.68577666123,7.142968599511,
    13.197807473305));
#160 = CARTESIAN_POINT('',(-18.78915632977,6.867933507221,
    13.343750777894));
#161 = CARTESIAN_POINT('',(-18.88974026903,6.585931672988,
    13.484884088394));
#162 = CARTESIAN_POINT('',(-18.98720215137,6.296872413297,13.62086979249
    ));
#163 = CARTESIAN_POINT('',(-19.08119737088,6.00067442277,13.751344745271
    ));
#164 = CARTESIAN_POINT('',(-19.24170202404,5.46057447336,13.973102504783
    ));
#165 = CARTESIAN_POINT('',(-19.30972003829,5.219462629014,
    14.066707738053));
#166 = CARTESIAN_POINT('',(-19.37521265926,4.973998209841,
    14.156506606906));
#167 = CARTESIAN_POINT('',(-19.43797661139,4.724255065919,
    14.242272049303));
#168 = CARTESIAN_POINT('',(-19.49781016515,4.470312978802,
    14.323779011031));
#169 = CARTESIAN_POINT('',(-19.55451349928,4.212257666116,14.40080419443
    ));
#170 = CARTESIAN_POINT('',(-19.60788906319,3.950180786163,
    14.473125807128));
#171 = CARTESIAN_POINT('',(-19.73897813581,3.250726579031,
    14.650348806985));
#172 = CARTESIAN_POINT('',(-19.81099194175,2.806152317899,
    14.747276952088));
#173 = CARTESIAN_POINT('',(-19.87264502832,2.352108936614,
    14.829952433371));
#174 = CARTESIAN_POINT('',(-19.92299641237,1.890287535167,
    14.897280073017));
#175 = CARTESIAN_POINT('',(-19.96131351165,1.42241122095,14.948417993485
    ));
#176 = CARTESIAN_POINT('',(-19.98707993396,0.950227423314,
    14.982773259978));
#177 = CARTESIAN_POINT('',(-20.,0.475499837795,15.));
#178 = CARTESIAN_POINT('',(-20.,-0.469147845998,15.));
#179 = CARTESIAN_POINT('',(-19.98742281986,-0.9375898368,14.983230439235
    ));
#180 = CARTESIAN_POINT('',(-19.96233493118,-1.403606470478,
    14.949779888977));
#181 = CARTESIAN_POINT('',(-19.92501590497,-1.8654854551,14.899975269412
    ));
#182 = CARTESIAN_POINT('',(-19.87595726671,-2.321529655005,
    14.834381271229));
#183 = CARTESIAN_POINT('',(-19.81585828539,-2.770064688661,
    14.753802102601));
#184 = CARTESIAN_POINT('',(-19.74561869622,-3.209446178067,
    14.659285561533));
#185 = CARTESIAN_POINT('',(-19.61657784769,-3.907003409171,14.48489461)
  );
#186 = CARTESIAN_POINT('',(-19.56321503756,-4.171969042864,
    14.412617338139));
#187 = CARTESIAN_POINT('',(-19.50643976819,-4.432859734455,
    14.335523912004));
#188 = CARTESIAN_POINT('',(-19.44645490876,-4.689577838587,
    14.253842256645));
#189 = CARTESIAN_POINT('',(-19.38346597128,-4.942031876465,
    14.167802195387));
#190 = CARTESIAN_POINT('',(-19.31768072552,-5.190136531405,
    14.077635717058));
#191 = CARTESIAN_POINT('',(-19.24930881407,-5.433812644391,
    13.983577243204));
#192 = CARTESIAN_POINT('',(-18.84075981693,-6.814986569806,
    13.419306840425));
#193 = CARTESIAN_POINT('',(-18.44868424281,-7.854749256459,
    12.869265263218));
#194 = CARTESIAN_POINT('',(-18.02147426805,-8.796969269821,
    12.256232936241));
#195 = CARTESIAN_POINT('',(-17.57404503528,-9.648627468002,
    11.594685032785));
#196 = CARTESIAN_POINT('',(-17.11767520988,-10.41744155368,
    10.894198446078));
#197 = CARTESIAN_POINT('',(-16.66086736464,-11.11095491693,
    10.159948433905));
#198 = CARTESIAN_POINT('',(-16.21044080801,-11.7356816889,9.393114940722
    ));
#199 = CARTESIAN_POINT('',(-15.26850335879,-12.94403631761,
    7.663703176735));
#200 = CARTESIAN_POINT('',(-14.77499882542,-13.51435880065,
    6.677121696155));
#201 = CARTESIAN_POINT('',(-14.31443963999,-13.99798222018,5.64228387021
    ));
#202 = CARTESIAN_POINT('',(-13.90922215129,-14.39024964922,
    4.569352468178));
#203 = CARTESIAN_POINT('',(-13.58112473977,-14.68923456194,
    3.466101832027));
#204 = CARTESIAN_POINT('',(-13.34936357485,-14.89363570158,
    2.336641824184));
#205 = CARTESIAN_POINT('',(-13.22875650173,-15.00000004726,
    1.181539107285));
#206 = CARTESIAN_POINT('',(-13.22875655532,-15.,-6.000000039196E-07));
#207 = PCURVE('',#33,#208);
#208 = DEFINITIONAL_REPRESENTATION('',(#209),#282);
#209 = B_SPLINE_CURVE_WITH_KNOTS('',8,(#210,#211,#212,#213,#214,#215,
    #216,#217,#218,#219,#220,#221,#222,#223,#224,#225,#226,#227,#228,
    #229,#230,#231,#232,#233,#234,#235,#236,#237,#238,#239,#240,#241,
    #242,#243,#244,#245,#246,#247,#248,#249,#250,#251,#252,#253,#254,
    #255,#256,#257,#258,#259,#260,#261,#262,#263,#264,#265,#266,#267,
    #268,#269,#270,#271,#272,#273,#274,#275,#276,#277,#278,#279,#280,
    #281),.UNSPECIFIED.,.F.,.F.,(9,7,7,7,7,7,7,7,7,7,9),(0.,
    9.687646592707E-02,0.216125822792,0.351113856057,0.400284171959,
    0.438642307328,0.501147608308,0.562817928647,0.601512804887,
    0.786271263061,1.),.UNSPECIFIED.);
#210 = CARTESIAN_POINT('',(-2.293530574608,3.552713678801E-15));
#211 = CARTESIAN_POINT('',(-2.293530574608,-0.524053305144));
#212 = CARTESIAN_POINT('',(-2.29511229367,-1.046957394241));
#213 = CARTESIAN_POINT('',(-2.298263638755,-1.567735917827));
#214 = CARTESIAN_POINT('',(-2.302952424829,-2.085376333544));
#215 = CARTESIAN_POINT('',(-2.30912579511,-2.598748591498));
#216 = CARTESIAN_POINT('',(-2.316709332707,-3.106543410853));
#217 = CARTESIAN_POINT('',(-2.325605863658,-3.607230147677));
#218 = CARTESIAN_POINT('',(-2.348111806984,-4.70441681859));
#219 = CARTESIAN_POINT('',(-2.362359488667,-5.297528463646));
#220 = CARTESIAN_POINT('',(-2.378295304727,-5.878507524661));
#221 = CARTESIAN_POINT('',(-2.395794599549,-6.44730764139));
#222 = CARTESIAN_POINT('',(-2.414751799802,-7.003739665341));
#223 = CARTESIAN_POINT('',(-2.435081994155,-7.547490881926));
#224 = CARTESIAN_POINT('',(-2.456722046467,-8.078121547335));
#225 = CARTESIAN_POINT('',(-2.505564022249,-9.180179298114));
#226 = CARTESIAN_POINT('',(-2.533110683108,-9.747468038935));
#227 = CARTESIAN_POINT('',(-2.562264072481,-10.29730021154));
#228 = CARTESIAN_POINT('',(-2.593057038811,-10.829244827));
#229 = CARTESIAN_POINT('',(-2.625548877498,-11.34194077214));
#230 = CARTESIAN_POINT('',(-2.65981587551,-11.8329686236));
#231 = CARTESIAN_POINT('',(-2.695945954648,-12.29869816261));
#232 = CARTESIAN_POINT('',(-2.747912488289,-12.89271391412));
#233 = CARTESIAN_POINT('',(-2.762054131677,-13.04736629534));
#234 = CARTESIAN_POINT('',(-2.776466485255,-13.1978074733));
#235 = CARTESIAN_POINT('',(-2.791153548638,-13.34375077789));
#236 = CARTESIAN_POINT('',(-2.806119267361,-13.48488408839));
#237 = CARTESIAN_POINT('',(-2.821367620816,-13.62086979249));
#238 = CARTESIAN_POINT('',(-2.836902710184,-13.75134474527));
#239 = CARTESIAN_POINT('',(-2.865074934938,-13.97310250478));
#240 = CARTESIAN_POINT('',(-2.877599833889,-14.06670773805));
#241 = CARTESIAN_POINT('',(-2.890300241905,-14.1565066069));
#242 = CARTESIAN_POINT('',(-2.903172941754,-14.2422720493));
#243 = CARTESIAN_POINT('',(-2.916214806881,-14.32377901103));
#244 = CARTESIAN_POINT('',(-2.929422808003,-14.40080419443));
#245 = CARTESIAN_POINT('',(-2.94279401969,-14.47312580712));
#246 = CARTESIAN_POINT('',(-2.978375634775,-14.65034880698));
#247 = CARTESIAN_POINT('',(-3.000887232454,-14.74727695208));
#248 = CARTESIAN_POINT('',(-3.023785082553,-14.82995243337));
#249 = CARTESIAN_POINT('',(-3.046996644067,-14.89728007301));
#250 = CARTESIAN_POINT('',(-3.070451619507,-14.94841799348));
#251 = CARTESIAN_POINT('',(-3.094081279044,-14.98277325997));
#252 = CARTESIAN_POINT('',(-3.1178176617,-15.));
#253 = CARTESIAN_POINT('',(-3.16505004589,-15.));
#254 = CARTESIAN_POINT('',(-3.188472148522,-14.98323043923));
#255 = CARTESIAN_POINT('',(-3.211792640781,-14.94977988897));
#256 = CARTESIAN_POINT('',(-3.234945351005,-14.89997526941));
#257 = CARTESIAN_POINT('',(-3.257863382715,-14.83438127122));
#258 = CARTESIAN_POINT('',(-3.28047835385,-14.7538021026));
#259 = CARTESIAN_POINT('',(-3.302719749093,-14.65928556153));
#260 = CARTESIAN_POINT('',(-3.338189370998,-14.48489461));
#261 = CARTESIAN_POINT('',(-3.351701967034,-14.41261733813));
#262 = CARTESIAN_POINT('',(-3.365049149982,-14.335523912));
#263 = CARTESIAN_POINT('',(-3.378227780882,-14.25384225664));
#264 = CARTESIAN_POINT('',(-3.391234611259,-14.16780219538));
#265 = CARTESIAN_POINT('',(-3.40406628918,-14.07763571705));
#266 = CARTESIAN_POINT('',(-3.416719365295,-13.9835772432));
#267 = CARTESIAN_POINT('',(-3.488735920602,-13.41930684042));
#268 = CARTESIAN_POINT('',(-3.544149401734,-12.86926526322));
#269 = CARTESIAN_POINT('',(-3.595706073398,-12.25623293623));
#270 = CARTESIAN_POINT('',(-3.643663302748,-11.59468503279));
#271 = CARTESIAN_POINT('',(-3.688262352938,-10.89419844607));
#272 = CARTESIAN_POINT('',(-3.729721032593,-10.1599484339));
#273 = CARTESIAN_POINT('',(-3.768202721172,-9.393114940722));
#274 = CARTESIAN_POINT('',(-3.844808319318,-7.663703176735));
#275 = CARTESIAN_POINT('',(-3.882468831186,-6.677121696154));
#276 = CARTESIAN_POINT('',(-3.915803352075,-5.642283870214));
#277 = CARTESIAN_POINT('',(-3.943971540377,-4.569352468173));
#278 = CARTESIAN_POINT('',(-3.96616336563,-3.466101832029));
#279 = CARTESIAN_POINT('',(-3.981614293779,-2.336641824183));
#280 = CARTESIAN_POINT('',(-3.989654736144,-1.181539107285));
#281 = CARTESIAN_POINT('',(-3.989654732571,5.999999999062E-07));
#282 = ( GEOMETRIC_REPRESENTATION_CONTEXT(2) 
PARAMETRIC_REPRESENTATION_CONTEXT() REPRESENTATION_CONTEXT('2D SPACE',''
  ) );
#283 = PCURVE('',#284,#289);
#284 = CYLINDRICAL_SURFACE('',#285,15.);
#285 = AXIS2_PLACEMENT_3D('',#286,#287,#288);
#286 = CARTESIAN_POINT('',(-40.,0.,0.));
#287 = DIRECTION('',(-1.,-0.,-0.));
#288 = DIRECTION('',(0.,1.,0.));
#289 = DEFINITIONAL_REPRESENTATION('',(#290),#363);
#290 = B_SPLINE_CURVE_WITH_KNOTS('',8,(#291,#292,#293,#294,#295,#296,
    #297,#298,#299,#300,#301,#302,#303,#304,#305,#306,#307,#308,#309,
    #310,#311,#312,#313,#314,#315,#316,#317,#318,#319,#320,#321,#322,
    #323,#324,#325,#326,#327,#328,#329,#330,#331,#332,#333,#334,#335,
    #336,#337,#338,#339,#340,#341,#342,#343,#344,#345,#346,#347,#348,
    #349,#350,#351,#352,#353,#354,#355,#356,#357,#358,#359,#360,#361,
    #362),.UNSPECIFIED.,.F.,.F.,(9,7,7,7,7,7,7,7,7,7,9),(0.,
    9.687646592707E-02,0.216125822792,0.351113856057,0.400284171959,
    0.438642307328,0.501147608308,0.562817928647,0.601512804887,
    0.786271263061,1.),.UNSPECIFIED.);
#291 = CARTESIAN_POINT('',(0.,-26.77124344467));
#292 = CARTESIAN_POINT('',(-3.493688700958E-02,-26.77124344467));
#293 = CARTESIAN_POINT('',(-6.979712649048E-02,-26.74751749896));
#294 = CARTESIAN_POINT('',(-0.104580762599,-26.70024773236));
#295 = CARTESIAN_POINT('',(-0.139283810899,-26.63010105614));
#296 = CARTESIAN_POINT('',(-0.173893431054,-26.53823442505));
#297 = CARTESIAN_POINT('',(-0.208382763426,-26.42627837081));
#298 = CARTESIAN_POINT('',(-0.242705429567,-26.29629881163));
#299 = CARTESIAN_POINT('',(-0.318745468696,-25.9715590914));
#300 = CARTESIAN_POINT('',(-0.36042236218,-25.76841901031));
#301 = CARTESIAN_POINT('',(-0.401928980355,-25.54466245999));
#302 = CARTESIAN_POINT('',(-0.443361734786,-25.30354347591));
#303 = CARTESIAN_POINT('',(-0.484810676833,-25.04814719008));
#304 = CARTESIAN_POINT('',(-0.52636470998,-24.78135709255));
#305 = CARTESIAN_POINT('',(-0.568116182995,-24.50586692854));
#306 = CARTESIAN_POINT('',(-0.65776318127,-23.90543770046));
#307 = CARTESIAN_POINT('',(-0.705719754603,-23.57892335443));
#308 = CARTESIAN_POINT('',(-0.754278307414,-23.24774927788));
#309 = CARTESIAN_POINT('',(-0.803670590927,-22.914844542));
#310 = CARTESIAN_POINT('',(-0.854118979988,-22.58336220529));
#311 = CARTESIAN_POINT('',(-0.905840476056,-22.25697425353));
#312 = CARTESIAN_POINT('',(-0.959052117288,-21.94011147858));
#313 = CARTESIAN_POINT('',(-1.033984850326,-21.52815613835));
#314 = CARTESIAN_POINT('',(-1.054228467254,-21.42009071953));
#315 = CARTESIAN_POINT('',(-1.074718371055,-21.31422333876));
#316 = CARTESIAN_POINT('',(-1.095464052197,-21.21084367022));
#317 = CARTESIAN_POINT('',(-1.116474961987,-21.11025973096));
#318 = CARTESIAN_POINT('',(-1.137760707544,-21.01279784862));
#319 = CARTESIAN_POINT('',(-1.159331246759,-20.91880262911));
#320 = CARTESIAN_POINT('',(-1.198254787723,-20.75829797596));
#321 = CARTESIAN_POINT('',(-1.215494531612,-20.6902799617));
#322 = CARTESIAN_POINT('',(-1.232913885717,-20.62478734073));
#323 = CARTESIAN_POINT('',(-1.250510784666,-20.5620233886));
#324 = CARTESIAN_POINT('',(-1.268283528603,-20.50218983484));
#325 = CARTESIAN_POINT('',(-1.28623078486,-20.44548650071));
#326 = CARTESIAN_POINT('',(-1.304351589627,-20.3921109368));
#327 = CARTESIAN_POINT('',(-1.352455374627,-20.26102186418));
#328 = CARTESIAN_POINT('',(-1.382772899581,-20.18900805824));
#329 = CARTESIAN_POINT('',(-1.413509352904,-20.12735497167));
#330 = CARTESIAN_POINT('',(-1.444583658109,-20.07700358762));
#331 = CARTESIAN_POINT('',(-1.475920370719,-20.03868648834));
#332 = CARTESIAN_POINT('',(-1.507447831732,-20.01292006603));
#333 = CARTESIAN_POINT('',(-1.539096337609,-20.));
#334 = CARTESIAN_POINT('',(-1.602072849861,-20.));
#335 = CARTESIAN_POINT('',(-1.633302316096,-20.01257718014));
#336 = CARTESIAN_POINT('',(-1.664416713313,-20.03766506881));
#337 = CARTESIAN_POINT('',(-1.695347918906,-20.07498409502));
#338 = CARTESIAN_POINT('',(-1.726025969609,-20.12404273328));
#339 = CARTESIAN_POINT('',(-1.756377316722,-20.1841417146));
#340 = CARTESIAN_POINT('',(-1.78632306679,-20.25438130377));
#341 = CARTESIAN_POINT('',(-1.834258129097,-20.38342215231));
#342 = CARTESIAN_POINT('',(-1.852563746854,-20.43678496243));
#343 = CARTESIAN_POINT('',(-1.870693302144,-20.4935602318));
#344 = CARTESIAN_POINT('',(-1.888645649397,-20.55354509123));
#345 = CARTESIAN_POINT('',(-1.906419256201,-20.61653402871));
#346 = CARTESIAN_POINT('',(-1.924012203142,-20.68231927447));
#347 = CARTESIAN_POINT('',(-1.941422183637,-20.75069118592));
#348 = CARTESIAN_POINT('',(-2.040888369956,-21.15924018306));
#349 = CARTESIAN_POINT('',(-2.118925648273,-21.55131575718));
#350 = CARTESIAN_POINT('',(-2.193378742655,-21.97852573194));
#351 = CARTESIAN_POINT('',(-2.264797997813,-22.42595496472));
#352 = CARTESIAN_POINT('',(-2.333732611586,-22.8823247901));
#353 = CARTESIAN_POINT('',(-2.400761509529,-23.33913263535));
#354 = CARTESIAN_POINT('',(-2.466522127546,-23.78955919198));
#355 = CARTESIAN_POINT('',(-2.607171193714,-24.73149664121));
#356 = CARTESIAN_POINT('',(-2.682863381332,-25.22500117457));
#357 = CARTESIAN_POINT('',(-2.758536290012,-25.68556036001));
#358 = CARTESIAN_POINT('',(-2.834129949738,-26.09077784869));
#359 = CARTESIAN_POINT('',(-2.909774537468,-26.41887526022));
#360 = CARTESIAN_POINT('',(-2.985816519163,-26.65063642514));
#361 = CARTESIAN_POINT('',(-3.062823379771,-26.77124349826));
#362 = CARTESIAN_POINT('',(-3.14159269359,-26.77124344467));
#363 = ( GEOMETRIC_REPRESENTATION_CONTEXT(2) 
PARAMETRIC_REPRESENTATION_CONTEXT() REPRESENTATION_CONTEXT('2D SPACE',''
  ) );
#364 = ADVANCED_FACE('',(#365),#45,.F.);
#365 = FACE_BOUND('',#366,.F.);
#366 = EDGE_LOOP('',(#367,#368,#369,#392,#421,#444,#470,#494,#518,#539,
    #560,#584));
#367 = ORIENTED_EDGE('',*,*,#108,.T.);
#368 = ORIENTED_EDGE('',*,*,#21,.T.);
#369 = ORIENTED_EDGE('',*,*,#370,.T.);
#370 = EDGE_CURVE('',#24,#371,#373,.T.);
#371 = VERTEX_POINT('',#372);
#372 = CARTESIAN_POINT('',(-5.56776436283,15.,0.));
#373 = SURFACE_CURVE('',#374,(#378,#385),.PCURVE_S1.);
#374 = LINE('',#375,#376);
#375 = CARTESIAN_POINT('',(-40.,15.,0.));
#376 = VECTOR('',#377,1.);
#377 = DIRECTION('',(1.,0.,0.));
#378 = PCURVE('',#45,#379);
#379 = DEFINITIONAL_REPRESENTATION('',(#380),#384);
#380 = LINE('',#381,#382);
#381 = CARTESIAN_POINT('',(-40.,15.));
#382 = VECTOR('',#383,1.);
#383 = DIRECTION('',(1.,0.));
#384 = ( GEOMETRIC_REPRESENTATION_CONTEXT(2) 
PARAMETRIC_REPRESENTATION_CONTEXT() REPRESENTATION_CONTEXT('2D SPACE',''
  ) );
#385 = PCURVE('',#284,#386);
#386 = DEFINITIONAL_REPRESENTATION('',(#387),#391);
#387 = LINE('',#388,#389);
#388 = CARTESIAN_POINT('',(-6.28318530718,0.));
#389 = VECTOR('',#390,1.);
#390 = DIRECTION('',(-0.,-1.));
#391 = ( GEOMETRIC_REPRESENTATION_CONTEXT(2) 
PARAMETRIC_REPRESENTATION_CONTEXT() REPRESENTATION_CONTEXT('2D SPACE',''
  ) );
#392 = ORIENTED_EDGE('',*,*,#393,.F.);
#393 = EDGE_CURVE('',#394,#371,#396,.T.);
#394 = VERTEX_POINT('',#395);
#395 = CARTESIAN_POINT('',(5.56776436283,15.,0.));
#396 = SURFACE_CURVE('',#397,(#402,#409),.PCURVE_S1.);
#397 = CIRCLE('',#398,16.);
#398 = AXIS2_PLACEMENT_3D('',#399,#400,#401);
#399 = CARTESIAN_POINT('',(0.,0.,0.));
#400 = DIRECTION('',(0.,0.,1.));
#401 = DIRECTION('',(1.,0.,0.));
#402 = PCURVE('',#45,#403);
#403 = DEFINITIONAL_REPRESENTATION('',(#404),#408);
#404 = CIRCLE('',#405,16.);
#405 = AXIS2_PLACEMENT_2D('',#406,#407);
#406 = CARTESIAN_POINT('',(1.093952106032E-15,-2.775209066E-16));
#407 = DIRECTION('',(1.,0.));
#408 = ( GEOMETRIC_REPRESENTATION_CONTEXT(2) 
PARAMETRIC_REPRESENTATION_CONTEXT() REPRESENTATION_CONTEXT('2D SPACE',''
  ) );
#409 = PCURVE('',#410,#415);
#410 = CYLINDRICAL_SURFACE('',#411,16.);
#411 = AXIS2_PLACEMENT_3D('',#412,#413,#414);
#412 = CARTESIAN_POINT('',(0.,0.,0.));
#413 = DIRECTION('',(-0.,-0.,-1.));
#414 = DIRECTION('',(1.,0.,0.));
#415 = DEFINITIONAL_REPRESENTATION('',(#416),#420);
#416 = LINE('',#417,#418);
#417 = CARTESIAN_POINT('',(-0.,0.));
#418 = VECTOR('',#419,1.);
#419 = DIRECTION('',(-1.,0.));
#420 = ( GEOMETRIC_REPRESENTATION_CONTEXT(2) 
PARAMETRIC_REPRESENTATION_CONTEXT() REPRESENTATION_CONTEXT('2D SPACE',''
  ) );
#421 = ORIENTED_EDGE('',*,*,#422,.T.);
#422 = EDGE_CURVE('',#394,#423,#425,.T.);
#423 = VERTEX_POINT('',#424);
#424 = CARTESIAN_POINT('',(10.,15.,0.));
#425 = SURFACE_CURVE('',#426,(#430,#437),.PCURVE_S1.);
#426 = LINE('',#427,#428);
#427 = CARTESIAN_POINT('',(-40.,15.,0.));
#428 = VECTOR('',#429,1.);
#429 = DIRECTION('',(1.,0.,0.));
#430 = PCURVE('',#45,#431);
#431 = DEFINITIONAL_REPRESENTATION('',(#432),#436);
#432 = LINE('',#433,#434);
#433 = CARTESIAN_POINT('',(-40.,15.));
#434 = VECTOR('',#435,1.);
#435 = DIRECTION('',(1.,0.));
#436 = ( GEOMETRIC_REPRESENTATION_CONTEXT(2) 
PARAMETRIC_REPRESENTATION_CONTEXT() REPRESENTATION_CONTEXT('2D SPACE',''
  ) );
#437 = PCURVE('',#284,#438);
#438 = DEFINITIONAL_REPRESENTATION('',(#439),#443);
#439 = LINE('',#440,#441);
#440 = CARTESIAN_POINT('',(-6.28318530718,0.));
#441 = VECTOR('',#442,1.);
#442 = DIRECTION('',(-0.,-1.));
#443 = ( GEOMETRIC_REPRESENTATION_CONTEXT(2) 
PARAMETRIC_REPRESENTATION_CONTEXT() REPRESENTATION_CONTEXT('2D SPACE',''
  ) );
#444 = ORIENTED_EDGE('',*,*,#445,.F.);
#445 = EDGE_CURVE('',#446,#423,#448,.T.);
#446 = VERTEX_POINT('',#447);
#447 = CARTESIAN_POINT('',(10.,12.489995996797,0.));
#448 = SURFACE_CURVE('',#449,(#453,#459),.PCURVE_S1.);
#449 = LINE('',#450,#451);
#450 = CARTESIAN_POINT('',(10.,-2.258902487105E-16,0.));
#451 = VECTOR('',#452,1.);
#452 = DIRECTION('',(0.,1.,0.));
#453 = PCURVE('',#45,#454);
#454 = DEFINITIONAL_REPRESENTATION('',(#455),#458);
#455 = B_SPLINE_CURVE_WITH_KNOTS('',1,(#456,#457),.UNSPECIFIED.,.F.,.F.,
  (2,2),(-15.,15.),.PIECEWISE_BEZIER_KNOTS.);
#456 = CARTESIAN_POINT('',(10.,-15.));
#457 = CARTESIAN_POINT('',(10.,15.));
#458 = ( GEOMETRIC_REPRESENTATION_CONTEXT(2) 
PARAMETRIC_REPRESENTATION_CONTEXT() REPRESENTATION_CONTEXT('2D SPACE',''
  ) );
#459 = PCURVE('',#460,#465);
#460 = PLANE('',#461);
#461 = AXIS2_PLACEMENT_3D('',#462,#463,#464);
#462 = CARTESIAN_POINT('',(10.,-7.29301404021E-16,1.169780044473E-16));
#463 = DIRECTION('',(1.,0.,0.));
#464 = DIRECTION('',(-0.,0.,1.));
#465 = DEFINITIONAL_REPRESENTATION('',(#466),#469);
#466 = B_SPLINE_CURVE_WITH_KNOTS('',1,(#467,#468),.UNSPECIFIED.,.F.,.F.,
  (2,2),(-15.,15.),.PIECEWISE_BEZIER_KNOTS.);
#467 = CARTESIAN_POINT('',(-1.169780044473E-16,15.));
#468 = CARTESIAN_POINT('',(-1.169780044473E-16,-15.));
#469 = ( GEOMETRIC_REPRESENTATION_CONTEXT(2) 
PARAMETRIC_REPRESENTATION_CONTEXT() REPRESENTATION_CONTEXT('2D SPACE',''
  ) );
#470 = ORIENTED_EDGE('',*,*,#471,.F.);
#471 = EDGE_CURVE('',#472,#446,#474,.T.);
#472 = VERTEX_POINT('',#473);
#473 = CARTESIAN_POINT('',(16.,0.,0.));
#474 = SURFACE_CURVE('',#475,(#480,#487),.PCURVE_S1.);
#475 = CIRCLE('',#476,16.);
#476 = AXIS2_PLACEMENT_3D('',#477,#478,#479);
#477 = CARTESIAN_POINT('',(0.,0.,0.));
#478 = DIRECTION('',(0.,0.,1.));
#479 = DIRECTION('',(1.,0.,0.));
#480 = PCURVE('',#45,#481);
#481 = DEFINITIONAL_REPRESENTATION('',(#482),#486);
#482 = CIRCLE('',#483,16.);
#483 = AXIS2_PLACEMENT_2D('',#484,#485);
#484 = CARTESIAN_POINT('',(1.093952106032E-15,-2.775209066E-16));
#485 = DIRECTION('',(1.,0.));
#486 = ( GEOMETRIC_REPRESENTATION_CONTEXT(2) 
PARAMETRIC_REPRESENTATION_CONTEXT() REPRESENTATION_CONTEXT('2D SPACE',''
  ) );
#487 = PCURVE('',#410,#488);
#488 = DEFINITIONAL_REPRESENTATION('',(#489),#493);
#489 = LINE('',#490,#491);
#490 = CARTESIAN_POINT('',(-0.,0.));
#491 = VECTOR('',#492,1.);
#492 = DIRECTION('',(-1.,0.));
#493 = ( GEOMETRIC_REPRESENTATION_CONTEXT(2) 
PARAMETRIC_REPRESENTATION_CONTEXT() REPRESENTATION_CONTEXT('2D SPACE',''
  ) );
#494 = ORIENTED_EDGE('',*,*,#495,.F.);
#495 = EDGE_CURVE('',#496,#472,#498,.T.);
#496 = VERTEX_POINT('',#497);
#497 = CARTESIAN_POINT('',(10.,-12.48999599679,0.));
#498 = SURFACE_CURVE('',#499,(#504,#511),.PCURVE_S1.);
#499 = CIRCLE('',#500,16.);
#500 = AXIS2_PLACEMENT_3D('',#501,#502,#503);
#501 = CARTESIAN_POINT('',(0.,0.,0.));
#502 = DIRECTION('',(0.,0.,1.));
#503 = DIRECTION('',(1.,0.,0.));
#504 = PCURVE('',#45,#505);
#505 = DEFINITIONAL_REPRESENTATION('',(#506),#510);
#506 = CIRCLE('',#507,16.);
#507 = AXIS2_PLACEMENT_2D('',#508,#509);
#508 = CARTESIAN_POINT('',(1.093952106032E-15,-2.775209066E-16));
#509 = DIRECTION('',(1.,0.));
#510 = ( GEOMETRIC_REPRESENTATION_CONTEXT(2) 
PARAMETRIC_REPRESENTATION_CONTEXT() REPRESENTATION_CONTEXT('2D SPACE',''
  ) );
#511 = PCURVE('',#410,#512);
#512 = DEFINITIONAL_REPRESENTATION('',(#513),#517);
#513 = LINE('',#514,#515);
#514 = CARTESIAN_POINT('',(-0.,0.));
#515 = VECTOR('',#516,1.);
#516 = DIRECTION('',(-1.,0.));
#517 = ( GEOMETRIC_REPRESENTATION_CONTEXT(2) 
PARAMETRIC_REPRESENTATION_CONTEXT() REPRESENTATION_CONTEXT('2D SPACE',''
  ) );
#518 = ORIENTED_EDGE('',*,*,#519,.F.);
#519 = EDGE_CURVE('',#520,#496,#522,.T.);
#520 = VERTEX_POINT('',#521);
#521 = CARTESIAN_POINT('',(10.,-15.,1.836970198721E-15));
#522 = SURFACE_CURVE('',#523,(#527,#533),.PCURVE_S1.);
#523 = LINE('',#524,#525);
#524 = CARTESIAN_POINT('',(10.,-2.258902487105E-16,0.));
#525 = VECTOR('',#526,1.);
#526 = DIRECTION('',(0.,1.,0.));
#527 = PCURVE('',#45,#528);
#528 = DEFINITIONAL_REPRESENTATION('',(#529),#532);
#529 = B_SPLINE_CURVE_WITH_KNOTS('',1,(#530,#531),.UNSPECIFIED.,.F.,.F.,
  (2,2),(-15.,15.),.PIECEWISE_BEZIER_KNOTS.);
#530 = CARTESIAN_POINT('',(10.,-15.));
#531 = CARTESIAN_POINT('',(10.,15.));
#532 = ( GEOMETRIC_REPRESENTATION_CONTEXT(2) 
PARAMETRIC_REPRESENTATION_CONTEXT() REPRESENTATION_CONTEXT('2D SPACE',''
  ) );
#533 = PCURVE('',#460,#534);
#534 = DEFINITIONAL_REPRESENTATION('',(#535),#538);
#535 = B_SPLINE_CURVE_WITH_KNOTS('',1,(#536,#537),.UNSPECIFIED.,.F.,.F.,
  (2,2),(-15.,15.),.PIECEWISE_BEZIER_KNOTS.);
#536 = CARTESIAN_POINT('',(-1.169780044473E-16,15.));
#537 = CARTESIAN_POINT('',(-1.169780044473E-16,-15.));
#538 = ( GEOMETRIC_REPRESENTATION_CONTEXT(2) 
PARAMETRIC_REPRESENTATION_CONTEXT() REPRESENTATION_CONTEXT('2D SPACE',''
  ) );
#539 = ORIENTED_EDGE('',*,*,#540,.T.);
#540 = EDGE_CURVE('',#520,#541,#543,.T.);
#541 = VERTEX_POINT('',#542);
#542 = CARTESIAN_POINT('',(5.56776436283,-15.,0.));
#543 = SURFACE_CURVE('',#544,(#548,#554),.PCURVE_S1.);
#544 = LINE('',#545,#546);
#545 = CARTESIAN_POINT('',(-40.,-15.,0.));
#546 = VECTOR('',#547,1.);
#547 = DIRECTION('',(-1.,-0.,-0.));
#548 = PCURVE('',#45,#549);
#549 = DEFINITIONAL_REPRESENTATION('',(#550),#553);
#550 = B_SPLINE_CURVE_WITH_KNOTS('',1,(#551,#552),.UNSPECIFIED.,.F.,.F.,
  (2,2),(-50.0000006,-16.),.PIECEWISE_BEZIER_KNOTS.);
#551 = CARTESIAN_POINT('',(10.0000006,-15.));
#552 = CARTESIAN_POINT('',(-24.,-15.));
#553 = ( GEOMETRIC_REPRESENTATION_CONTEXT(2) 
PARAMETRIC_REPRESENTATION_CONTEXT() REPRESENTATION_CONTEXT('2D SPACE',''
  ) );
#554 = PCURVE('',#284,#555);
#555 = DEFINITIONAL_REPRESENTATION('',(#556),#559);
#556 = B_SPLINE_CURVE_WITH_KNOTS('',1,(#557,#558),.UNSPECIFIED.,.F.,.F.,
  (2,2),(-50.0000006,-16.),.PIECEWISE_BEZIER_KNOTS.);
#557 = CARTESIAN_POINT('',(-3.14159265359,-50.0000006));
#558 = CARTESIAN_POINT('',(-3.14159265359,-16.));
#559 = ( GEOMETRIC_REPRESENTATION_CONTEXT(2) 
PARAMETRIC_REPRESENTATION_CONTEXT() REPRESENTATION_CONTEXT('2D SPACE',''
  ) );
#560 = ORIENTED_EDGE('',*,*,#561,.F.);
#561 = EDGE_CURVE('',#562,#541,#564,.T.);
#562 = VERTEX_POINT('',#563);
#563 = CARTESIAN_POINT('',(-5.56776436283,-15.,0.));
#564 = SURFACE_CURVE('',#565,(#570,#577),.PCURVE_S1.);
#565 = CIRCLE('',#566,16.);
#566 = AXIS2_PLACEMENT_3D('',#567,#568,#569);
#567 = CARTESIAN_POINT('',(0.,0.,0.));
#568 = DIRECTION('',(0.,0.,1.));
#569 = DIRECTION('',(1.,0.,0.));
#570 = PCURVE('',#45,#571);
#571 = DEFINITIONAL_REPRESENTATION('',(#572),#576);
#572 = CIRCLE('',#573,16.);
#573 = AXIS2_PLACEMENT_2D('',#574,#575);
#574 = CARTESIAN_POINT('',(1.093952106032E-15,-2.775209066E-16));
#575 = DIRECTION('',(1.,0.));
#576 = ( GEOMETRIC_REPRESENTATION_CONTEXT(2) 
PARAMETRIC_REPRESENTATION_CONTEXT() REPRESENTATION_CONTEXT('2D SPACE',''
  ) );
#577 = PCURVE('',#410,#578);
#578 = DEFINITIONAL_REPRESENTATION('',(#579),#583);
#579 = LINE('',#580,#581);
#580 = CARTESIAN_POINT('',(-0.,0.));
#581 = VECTOR('',#582,1.);
#582 = DIRECTION('',(-1.,0.));
#583 = ( GEOMETRIC_REPRESENTATION_CONTEXT(2) 
PARAMETRIC_REPRESENTATION_CONTEXT() REPRESENTATION_CONTEXT('2D SPACE',''
  ) );
#584 = ORIENTED_EDGE('',*,*,#585,.T.);
#585 = EDGE_CURVE('',#562,#109,#586,.T.);
#586 = SURFACE_CURVE('',#587,(#591,#597),.PCURVE_S1.);
#587 = LINE('',#588,#589);
#588 = CARTESIAN_POINT('',(-40.,-15.,0.));
#589 = VECTOR('',#590,1.);
#590 = DIRECTION('',(-1.,-0.,-0.));
#591 = PCURVE('',#45,#592);
#592 = DEFINITIONAL_REPRESENTATION('',(#593),#596);
#593 = B_SPLINE_CURVE_WITH_KNOTS('',1,(#594,#595),.UNSPECIFIED.,.F.,.F.,
  (2,2),(-50.0000006,-16.),.PIECEWISE_BEZIER_KNOTS.);
#594 = CARTESIAN_POINT('',(10.0000006,-15.));
#595 = CARTESIAN_POINT('',(-24.,-15.));
#596 = ( GEOMETRIC_REPRESENTATION_CONTEXT(2) 
PARAMETRIC_REPRESENTATION_CONTEXT() REPRESENTATION_CONTEXT('2D SPACE',''
  ) );
#597 = PCURVE('',#284,#598);
#598 = DEFINITIONAL_REPRESENTATION('',(#599),#602);
#599 = B_SPLINE_CURVE_WITH_KNOTS('',1,(#600,#601),.UNSPECIFIED.,.F.,.F.,
  (2,2),(-50.0000006,-16.),.PIECEWISE_BEZIER_KNOTS.);
#600 = CARTESIAN_POINT('',(-3.14159265359,-50.0000006));
#601 = CARTESIAN_POINT('',(-3.14159265359,-16.));
#602 = ( GEOMETRIC_REPRESENTATION_CONTEXT(2) 
PARAMETRIC_REPRESENTATION_CONTEXT() REPRESENTATION_CONTEXT('2D SPACE',''
  ) );
#603 = ADVANCED_FACE('',(#604),#284,.T.);
#604 = FACE_BOUND('',#605,.F.);
#605 = EDGE_LOOP('',(#606,#635,#656,#657,#658,#991,#1012,#1095,#1119,
    #1221,#1222,#1244,#1245,#1246,#1247));
#606 = ORIENTED_EDGE('',*,*,#607,.F.);
#607 = EDGE_CURVE('',#608,#608,#610,.T.);
#608 = VERTEX_POINT('',#609);
#609 = CARTESIAN_POINT('',(-40.,15.,0.));
#610 = SURFACE_CURVE('',#611,(#616,#623),.PCURVE_S1.);
#611 = CIRCLE('',#612,15.);
#612 = AXIS2_PLACEMENT_3D('',#613,#614,#615);
#613 = CARTESIAN_POINT('',(-40.,0.,0.));
#614 = DIRECTION('',(1.,0.,0.));
#615 = DIRECTION('',(0.,1.,0.));
#616 = PCURVE('',#284,#617);
#617 = DEFINITIONAL_REPRESENTATION('',(#618),#622);
#618 = LINE('',#619,#620);
#619 = CARTESIAN_POINT('',(-0.,0.));
#620 = VECTOR('',#621,1.);
#621 = DIRECTION('',(-1.,0.));
#622 = ( GEOMETRIC_REPRESENTATION_CONTEXT(2) 
PARAMETRIC_REPRESENTATION_CONTEXT() REPRESENTATION_CONTEXT('2D SPACE',''
  ) );
#623 = PCURVE('',#624,#629);
#624 = PLANE('',#625);
#625 = AXIS2_PLACEMENT_3D('',#626,#627,#628);
#626 = CARTESIAN_POINT('',(-40.,-7.29301404021E-16,1.169780044473E-16));
#627 = DIRECTION('',(1.,0.,0.));
#628 = DIRECTION('',(-0.,0.,1.));
#629 = DEFINITIONAL_REPRESENTATION('',(#630),#634);
#630 = CIRCLE('',#631,15.);
#631 = AXIS2_PLACEMENT_2D('',#632,#633);
#632 = CARTESIAN_POINT('',(-1.169780044473E-16,-7.29301404021E-16));
#633 = DIRECTION('',(0.,-1.));
#634 = ( GEOMETRIC_REPRESENTATION_CONTEXT(2) 
PARAMETRIC_REPRESENTATION_CONTEXT() REPRESENTATION_CONTEXT('2D SPACE',''
  ) );
#635 = ORIENTED_EDGE('',*,*,#636,.T.);
#636 = EDGE_CURVE('',#608,#24,#637,.T.);
#637 = SEAM_CURVE('',#638,(#642,#649),.PCURVE_S1.);
#638 = LINE('',#639,#640);
#639 = CARTESIAN_POINT('',(-40.,15.,0.));
#640 = VECTOR('',#641,1.);
#641 = DIRECTION('',(1.,0.,0.));
#642 = PCURVE('',#284,#643);
#643 = DEFINITIONAL_REPRESENTATION('',(#644),#648);
#644 = LINE('',#645,#646);
#645 = CARTESIAN_POINT('',(-6.28318530718,0.));
#646 = VECTOR('',#647,1.);
#647 = DIRECTION('',(-0.,-1.));
#648 = ( GEOMETRIC_REPRESENTATION_CONTEXT(2) 
PARAMETRIC_REPRESENTATION_CONTEXT() REPRESENTATION_CONTEXT('2D SPACE',''
  ) );
#649 = PCURVE('',#284,#650);
#650 = DEFINITIONAL_REPRESENTATION('',(#651),#655);
#651 = LINE('',#652,#653);
#652 = CARTESIAN_POINT('',(-0.,0.));
#653 = VECTOR('',#654,1.);
#654 = DIRECTION('',(-0.,-1.));
#655 = ( GEOMETRIC_REPRESENTATION_CONTEXT(2) 
PARAMETRIC_REPRESENTATION_CONTEXT() REPRESENTATION_CONTEXT('2D SPACE',''
  ) );
#656 = ORIENTED_EDGE('',*,*,#132,.T.);
#657 = ORIENTED_EDGE('',*,*,#585,.F.);
#658 = ORIENTED_EDGE('',*,*,#659,.F.);
#659 = EDGE_CURVE('',#371,#562,#660,.T.);
#660 = SURFACE_CURVE('',#661,(#769,#880),.PCURVE_S1.);
#661 = B_SPLINE_CURVE_WITH_KNOTS('',8,(#662,#663,#664,#665,#666,#667,
    #668,#669,#670,#671,#672,#673,#674,#675,#676,#677,#678,#679,#680,
    #681,#682,#683,#684,#685,#686,#687,#688,#689,#690,#691,#692,#693,
    #694,#695,#696,#697,#698,#699,#700,#701,#702,#703,#704,#705,#706,
    #707,#708,#709,#710,#711,#712,#713,#714,#715,#716,#717,#718,#719,
    #720,#721,#722,#723,#724,#725,#726,#727,#728,#729,#730,#731,#732,
    #733,#734,#735,#736,#737,#738,#739,#740,#741,#742,#743,#744,#745,
    #746,#747,#748,#749,#750,#751,#752,#753,#754,#755,#756,#757,#758,
    #759,#760,#761,#762,#763,#764,#765,#766,#767,#768),.UNSPECIFIED.,.F.
  ,.F.,(9,7,7,7,7,7,7,7,7,7,7,7,7,7,7,9),(0.,5.606176026676E-02,
    8.459838063541E-02,0.188092264624,0.350939562209,0.405066139277,
    0.442786641405,0.46190938493,0.49940660182,0.555267538114,
    0.593999965849,0.647492721695,0.810838403991,0.916685655889,
    0.945817631309,1.),.UNSPECIFIED.);
#662 = CARTESIAN_POINT('',(-5.56776436283,15.,-3.673940398937E-15));
#663 = CARTESIAN_POINT('',(-5.56776436283,15.,0.327356328817));
#664 = CARTESIAN_POINT('',(-5.589760886101,14.991835316721,
    0.652235815646));
#665 = CARTESIAN_POINT('',(-5.633170935715,14.975721851721,
    0.974518882635));
#666 = CARTESIAN_POINT('',(-5.696888077365,14.951866130341,
    1.293942248152));
#667 = CARTESIAN_POINT('',(-5.77925724997,14.920496558594,1.609941575835
    ));
#668 = CARTESIAN_POINT('',(-5.878066948438,14.881952969722,1.9215195184)
  );
#669 = CARTESIAN_POINT('',(-5.990553845467,14.836810301099,
    2.227139665008));
#670 = CARTESIAN_POINT('',(-6.175953801404,14.760154956975,
    2.676084369397));
#671 = CARTESIAN_POINT('',(-6.241473684327,14.732711350147,
    2.826128817864));
#672 = CARTESIAN_POINT('',(-6.309729102237,14.703720909626,
    2.974817099196));
#673 = CARTESIAN_POINT('',(-6.380491419775,14.673219639289,
    3.122186262068));
#674 = CARTESIAN_POINT('',(-6.453548831982,14.641240058943,
    3.268273551016));
#675 = CARTESIAN_POINT('',(-6.528706364298,14.607811204329,
    3.413116406434));
#676 = CARTESIAN_POINT('',(-6.605785872565,14.572958627117,
    3.556752464578));
#677 = CARTESIAN_POINT('',(-6.970556028763,14.405221014822,
    4.215905577253));
#678 = CARTESIAN_POINT('',(-7.281500218675,14.254448240723,4.72057391463
    ));
#679 = CARTESIAN_POINT('',(-7.609404996819,14.085423943681,5.21311888231
    ));
#680 = CARTESIAN_POINT('',(-7.947994175554,13.899055803334,
    5.693490119903));
#681 = CARTESIAN_POINT('',(-8.293336639397,13.695936925543,
    6.162454761286));
#682 = CARTESIAN_POINT('',(-8.643542081306,13.475824318685,
    6.621759400373));
#683 = CARTESIAN_POINT('',(-8.998236758558,13.23738728805,7.073837429851
    ));
#684 = CARTESIAN_POINT('',(-9.923998468958,12.569854022616,
    8.225649770937));
#685 = CARTESIAN_POINT('',(-10.49407514963,12.115908457205,
    8.908250859494));
#686 = CARTESIAN_POINT('',(-11.06389712595,11.612797877047,
    9.573171617771));
#687 = CARTESIAN_POINT('',(-11.63076005408,11.055607056202,
    10.221634598743));
#688 = CARTESIAN_POINT('',(-12.1908003901,10.438420227811,10.85248696671
    ));
#689 = CARTESIAN_POINT('',(-12.73844569652,9.754796199285,11.46179110349
    ));
#690 = CARTESIAN_POINT('',(-13.26569442114,8.99810225627,12.04270564269)
  );
#691 = CARTESIAN_POINT('',(-13.92625794983,7.884394801421,
    12.765029395515));
#692 = CARTESIAN_POINT('',(-14.08778587656,7.597449529738,
    12.941177010583));
#693 = CARTESIAN_POINT('',(-14.24567077976,7.30105843673,13.112919154684
    ));
#694 = CARTESIAN_POINT('',(-14.39947056601,6.994902297868,
    13.279831852022));
#695 = CARTESIAN_POINT('',(-14.54868435069,6.678675052429,
    13.441426158069));
#696 = CARTESIAN_POINT('',(-14.69274982301,6.352088772558,13.59714587712
    ));
#697 = CARTESIAN_POINT('',(-14.83104061088,6.014878632332,
    13.746365279858));
#698 = CARTESIAN_POINT('',(-15.05473036547,5.424239357156,
    13.987360820959));
#699 = CARTESIAN_POINT('',(-15.14347996333,5.176332965149,
    14.082864930567));
#700 = CARTESIAN_POINT('',(-15.22882814747,4.923127251077,
    14.174609298167));
#701 = CARTESIAN_POINT('',(-15.31048827343,4.664669774179,
    14.262301786944));
#702 = CARTESIAN_POINT('',(-15.38817145999,4.401017109495,
    14.345647867795));
#703 = CARTESIAN_POINT('',(-15.46158670486,4.132234854692,
    14.424350512284));
#704 = CARTESIAN_POINT('',(-15.53044100038,3.858397636905,
    14.498110085599));
#705 = CARTESIAN_POINT('',(-15.62688403117,3.438244665775,
    14.601358098267));
#706 = CARTESIAN_POINT('',(-15.65807502901,3.295646924957,
    14.634737839276));
#707 = CARTESIAN_POINT('',(-15.68796770935,3.151838206458,
    14.666717350666));
#708 = CARTESIAN_POINT('',(-15.71651914784,3.006861377653,
    14.697252390979));
#709 = CARTESIAN_POINT('',(-15.74368822925,2.860759863945,
    14.726300589177));
#710 = CARTESIAN_POINT('',(-15.76943564739,2.713577648759,
    14.753821444635));
#711 = CARTESIAN_POINT('',(-15.79372390517,2.56535927355,14.779776327148
    ));
#712 = CARTESIAN_POINT('',(-15.86121223051,2.123569509716,
    14.851879880416));
#713 = CARTESIAN_POINT('',(-15.90018287947,1.827024970929,
    14.893493699433));
#714 = CARTESIAN_POINT('',(-15.93310462792,1.527145685569,
    14.928633308943));
#715 = CARTESIAN_POINT('',(-15.95971532089,1.224564599183,
    14.957027395386));
#716 = CARTESIAN_POINT('',(-15.97981543931,0.919918085094,
    14.978469811305));
#717 = CARTESIAN_POINT('',(-15.99326825739,0.61384589076,14.992819429969
    ));
#718 = CARTESIAN_POINT('',(-16.,0.306991084129,15.));
#719 = CARTESIAN_POINT('',(-16.,-0.457335525559,15.));
#720 = CARTESIAN_POINT('',(-15.98506039536,-0.913773784398,
    14.984064029822));
#721 = CARTESIAN_POINT('',(-15.9552836054,-1.367477125541,
    14.952302582575));
#722 = CARTESIAN_POINT('',(-15.91102975001,-1.816617856842,
    14.905087362968));
#723 = CARTESIAN_POINT('',(-15.85291443117,-2.259385557862,
    14.843051814576));
#724 = CARTESIAN_POINT('',(-15.78180651458,-2.693994392736,
    14.767091647105));
#725 = CARTESIAN_POINT('',(-15.6988259112,-3.118690423056,
    14.678365363658));
#726 = CARTESIAN_POINT('',(-15.54052175663,-3.818169188763,
    14.508908619465));
#727 = CARTESIAN_POINT('',(-15.47056266687,-4.099384522051,
    14.433972841334));
#728 = CARTESIAN_POINT('',(-15.3957813418,-4.375310386341,
    14.353812802684));
#729 = CARTESIAN_POINT('',(-15.31649338162,-4.64586222914,
    14.268751296137));
#730 = CARTESIAN_POINT('',(-15.23301260137,-4.910965471016,
    14.179108681566));
#731 = CARTESIAN_POINT('',(-15.14565089794,-5.170555496877,
    14.085203009817));
#732 = CARTESIAN_POINT('',(-15.05471811702,-5.424577647264,
    13.987350146423));
#733 = CARTESIAN_POINT('',(-14.83042901176,-6.016061807496,
    13.745702806294));
#734 = CARTESIAN_POINT('',(-14.69405613474,-6.348576668993,
    13.598551865832));
#735 = CARTESIAN_POINT('',(-14.55206721847,-6.670759483775,
    13.445079242917));
#736 = CARTESIAN_POINT('',(-14.40506304967,-6.982864535182,
    13.285885116417));
#737 = CARTESIAN_POINT('',(-14.25358371035,-7.285168059608,
    13.121503779495));
#738 = CARTESIAN_POINT('',(-14.09811101574,-7.577963605874,
    12.95240574403));
#739 = CARTESIAN_POINT('',(-13.93907095238,-7.861557394595,
    12.778999845028));
#740 = CARTESIAN_POINT('',(-13.28143520415,-8.975107825907,
    12.060034434641));
#741 = CARTESIAN_POINT('',(-12.75436707093,-9.734261073838,
    11.479467255292));
#742 = CARTESIAN_POINT('',(-12.20680625197,-10.41994941458,
    10.870438232174));
#743 = CARTESIAN_POINT('',(-11.64679294151,-11.038912603,10.23983931952)
  );
#744 = CARTESIAN_POINT('',(-11.07989262128,-11.59769043722,
    9.591610001016));
#745 = CARTESIAN_POINT('',(-10.50992218255,-12.10228218349,
    8.926868630432));
#746 = CARTESIAN_POINT('',(-9.939511040336,-12.55766503748,
    8.244329013695));
#747 = CARTESIAN_POINT('',(-9.005691727916,-13.23264053953,
    7.083501940258));
#748 = CARTESIAN_POINT('',(-8.643836055235,-13.47610371146,
    6.622537511104));
#749 = CARTESIAN_POINT('',(-8.286649848061,-13.70050042641,
    6.154101408143));
#750 = CARTESIAN_POINT('',(-7.93447051785,-13.90727110754,5.675550689307
    ));
#751 = CARTESIAN_POINT('',(-7.589297296833,-14.09665789726,
    5.185004795624));
#752 = CARTESIAN_POINT('',(-7.255372436603,-14.2679886175,4.681671628226
    ));
#753 = CARTESIAN_POINT('',(-6.939510136544,-14.42027125745,
    4.165650905424));
#754 = CARTESIAN_POINT('',(-6.570860401195,-14.58874381594,
    3.491567229823));
#755 = CARTESIAN_POINT('',(-6.493171834503,-14.62364652196,3.34485009158
    ));
#756 = CARTESIAN_POINT('',(-6.417536440593,-14.6570653333,3.196864971903
    ));
#757 = CARTESIAN_POINT('',(-6.344149369702,-14.6889713264,3.047575753464
    ));
#758 = CARTESIAN_POINT('',(-6.273223161649,-14.71933236072,
    2.896945534001));
#759 = CARTESIAN_POINT('',(-6.204987666958,-14.74811287893,
    2.744936588319));
#760 = CARTESIAN_POINT('',(-6.139689967993,-14.77527370726,
    2.591510330284));
#761 = CARTESIAN_POINT('',(-5.96210297744,-14.84819569349,2.14856130287)
  );
#762 = CARTESIAN_POINT('',(-5.856737289272,-14.89025873586,
    1.853085807666));
#763 = CARTESIAN_POINT('',(-5.764450106931,-14.92613011486,
    1.552144124142));
#764 = CARTESIAN_POINT('',(-5.687702690103,-14.9553044526,1.24713254907)
  );
#765 = CARTESIAN_POINT('',(-5.628452993867,-14.97747403534,
    0.938976326493));
#766 = CARTESIAN_POINT('',(-5.588154322337,-14.9924310685,0.628226250393
    ));
#767 = CARTESIAN_POINT('',(-5.567764328866,-15.0000000126,0.315175884609
    ));
#768 = CARTESIAN_POINT('',(-5.56776436283,-15.,-6.000000039196E-07));
#769 = PCURVE('',#284,#770);
#770 = DEFINITIONAL_REPRESENTATION('',(#771),#879);
#771 = B_SPLINE_CURVE_WITH_KNOTS('',8,(#772,#773,#774,#775,#776,#777,
    #778,#779,#780,#781,#782,#783,#784,#785,#786,#787,#788,#789,#790,
    #791,#792,#793,#794,#795,#796,#797,#798,#799,#800,#801,#802,#803,
    #804,#805,#806,#807,#808,#809,#810,#811,#812,#813,#814,#815,#816,
    #817,#818,#819,#820,#821,#822,#823,#824,#825,#826,#827,#828,#829,
    #830,#831,#832,#833,#834,#835,#836,#837,#838,#839,#840,#841,#842,
    #843,#844,#845,#846,#847,#848,#849,#850,#851,#852,#853,#854,#855,
    #856,#857,#858,#859,#860,#861,#862,#863,#864,#865,#866,#867,#868,
    #869,#870,#871,#872,#873,#874,#875,#876,#877,#878),.UNSPECIFIED.,.F.
  ,.F.,(9,7,7,7,7,7,7,7,7,7,7,7,7,7,7,9),(0.,5.606176026676E-02,
    8.459838063541E-02,0.188092264624,0.350939562209,0.405066139277,
    0.442786641405,0.46190938493,0.49940660182,0.555267538114,
    0.593999965849,0.647492721695,0.810838403991,0.916685655889,
    0.945817631309,1.),.UNSPECIFIED.);
#772 = CARTESIAN_POINT('',(0.,-34.43223563717));
#773 = CARTESIAN_POINT('',(-2.182375525444E-02,-34.43223563717));
#774 = CARTESIAN_POINT('',(-4.34823853189E-02,-34.41023911389));
#775 = CARTESIAN_POINT('',(-6.498377145123E-02,-34.36682906428));
#776 = CARTESIAN_POINT('',(-8.632515584391E-02,-34.30311192263));
#777 = CARTESIAN_POINT('',(-0.107482924007,-34.22074275003));
#778 = CARTESIAN_POINT('',(-0.128403345738,-34.12193305156));
#779 = CARTESIAN_POINT('',(-0.148993892548,-34.00944615453));
#780 = CARTESIAN_POINT('',(-0.179356690646,-33.82404619859));
#781 = CARTESIAN_POINT('',(-0.189524901355,-33.75852631567));
#782 = CARTESIAN_POINT('',(-0.199622970893,-33.69027089776));
#783 = CARTESIAN_POINT('',(-0.209654468735,-33.61950858022));
#784 = CARTESIAN_POINT('',(-0.219622944485,-33.54645116801));
#785 = CARTESIAN_POINT('',(-0.229531927874,-33.4712936357));
#786 = CARTESIAN_POINT('',(-0.239384928757,-33.39421412743));
#787 = CARTESIAN_POINT('',(-0.284728983005,-33.02944397123));
#788 = CARTESIAN_POINT('',(-0.319813236921,-32.71849978132));
#789 = CARTESIAN_POINT('',(-0.354482692628,-32.39059500317));
#790 = CARTESIAN_POINT('',(-0.388780325391,-32.05200582444));
#791 = CARTESIAN_POINT('',(-0.422801042481,-31.7066633606));
#792 = CARTESIAN_POINT('',(-0.456714232612,-31.35645791869));
#793 = CARTESIAN_POINT('',(-0.490760680983,-31.00176324144));
#794 = CARTESIAN_POINT('',(-0.579511826942,-30.07600153104));
#795 = CARTESIAN_POINT('',(-0.63405896812,-29.50592485036));
#796 = CARTESIAN_POINT('',(-0.689473244245,-28.93610287404));
#797 = CARTESIAN_POINT('',(-0.746243940013,-28.36923994591));
#798 = CARTESIAN_POINT('',(-0.804819093764,-27.80919960989));
#799 = CARTESIAN_POINT('',(-0.865605808116,-27.26155430347));
#800 = CARTESIAN_POINT('',(-0.929003265662,-26.73430557885));
#801 = CARTESIAN_POINT('',(-1.017499239177,-26.07374205016));
#802 = CARTESIAN_POINT('',(-1.039938846426,-25.91221412343));
#803 = CARTESIAN_POINT('',(-1.062763398667,-25.75432922023));
#804 = CARTESIAN_POINT('',(-1.085993995328,-25.60052943399));
#805 = CARTESIAN_POINT('',(-1.109651389993,-25.4513156493));
#806 = CARTESIAN_POINT('',(-1.13375620031,-25.30725017698));
#807 = CARTESIAN_POINT('',(-1.158329117901,-25.16895938911));
#808 = CARTESIAN_POINT('',(-1.200856683038,-24.94526963452));
#809 = CARTESIAN_POINT('',(-1.218564340691,-24.85652003666));
#810 = CARTESIAN_POINT('',(-1.236512534749,-24.77117185252));
#811 = CARTESIAN_POINT('',(-1.254700032477,-24.68951172656));
#812 = CARTESIAN_POINT('',(-1.273125963988,-24.61182854));
#813 = CARTESIAN_POINT('',(-1.291789861344,-24.53841329514));
#814 = CARTESIAN_POINT('',(-1.310691697663,-24.46955899961));
#815 = CARTESIAN_POINT('',(-1.339535235069,-24.37311596882));
#816 = CARTESIAN_POINT('',(-1.34929813451,-24.34192497098));
#817 = CARTESIAN_POINT('',(-1.359118553685,-24.31203229065));
#818 = CARTESIAN_POINT('',(-1.368994477508,-24.28348085215));
#819 = CARTESIAN_POINT('',(-1.378923946669,-24.25631177074));
#820 = CARTESIAN_POINT('',(-1.388905057639,-24.2305643526));
#821 = CARTESIAN_POINT('',(-1.398935962666,-24.20627609482));
#822 = CARTESIAN_POINT('',(-1.428778297831,-24.13878776948));
#823 = CARTESIAN_POINT('',(-1.448736650248,-24.09981712052));
#824 = CARTESIAN_POINT('',(-1.468856650084,-24.06689537207));
#825 = CARTESIAN_POINT('',(-1.489106482973,-24.04028467911));
#826 = CARTESIAN_POINT('',(-1.509455391389,-24.02018456068));
#827 = CARTESIAN_POINT('',(-1.529873268918,-24.0067317426));
#828 = CARTESIAN_POINT('',(-1.55033025452,-24.));
#829 = CARTESIAN_POINT('',(-1.601285361832,-24.));
#830 = CARTESIAN_POINT('',(-1.631714558601,-24.01493960464));
#831 = CARTESIAN_POINT('',(-1.66200465773,-24.04471639459));
#832 = CARTESIAN_POINT('',(-1.692076247077,-24.08897024999));
#833 = CARTESIAN_POINT('',(-1.721847879249,-24.14708556882));
#834 = CARTESIAN_POINT('',(-1.751234189119,-24.21819348541));
#835 = CARTESIAN_POINT('',(-1.78014401135,-24.30117408879));
#836 = CARTESIAN_POINT('',(-1.828124846961,-24.45947824336));
#837 = CARTESIAN_POINT('',(-1.847521715911,-24.52943733312));
#838 = CARTESIAN_POINT('',(-1.86666942226,-24.60421865819));
#839 = CARTESIAN_POINT('',(-1.885567748507,-24.68350661837));
#840 = CARTESIAN_POINT('',(-1.904215983692,-24.76698739862));
#841 = CARTESIAN_POINT('',(-1.922612964937,-24.85434910205));
#842 = CARTESIAN_POINT('',(-1.940757118993,-24.94528188297));
#843 = CARTESIAN_POINT('',(-1.983353255949,-25.16957098824));
#844 = CARTESIAN_POINT('',(-2.007584568276,-25.30594386525));
#845 = CARTESIAN_POINT('',(-2.031360573003,-25.44793278152));
#846 = CARTESIAN_POINT('',(-2.054701142853,-25.59493695032));
#847 = CARTESIAN_POINT('',(-2.07762608787,-25.74641628964));
#848 = CARTESIAN_POINT('',(-2.100155352267,-25.90188898425));
#849 = CARTESIAN_POINT('',(-2.122309211256,-26.06092904762));
#850 = CARTESIAN_POINT('',(-2.210674760712,-26.71856479584));
#851 = CARTESIAN_POINT('',(-2.274186866956,-27.24563292906));
#852 = CARTESIAN_POINT('',(-2.335062962487,-27.79319374802));
#853 = CARTESIAN_POINT('',(-2.393708052787,-28.35320705849));
#854 = CARTESIAN_POINT('',(-2.450535404051,-28.92010737871));
#855 = CARTESIAN_POINT('',(-2.505999375759,-29.49007781744));
#856 = CARTESIAN_POINT('',(-2.560595892956,-30.06048895966));
#857 = CARTESIAN_POINT('',(-2.650115882599,-30.99430827208));
#858 = CARTESIAN_POINT('',(-2.684840927703,-31.35616394476));
#859 = CARTESIAN_POINT('',(-2.719424066326,-31.71335015193));
#860 = CARTESIAN_POINT('',(-2.754124994416,-32.06552948215));
#861 = CARTESIAN_POINT('',(-2.789124503971,-32.41070270316));
#862 = CARTESIAN_POINT('',(-2.824521214157,-32.74462756339));
#863 = CARTESIAN_POINT('',(-2.860357624947,-33.06048986345));
#864 = CARTESIAN_POINT('',(-2.906678813028,-33.4291395988));
#865 = CARTESIAN_POINT('',(-2.916732265737,-33.50682816549));
#866 = CARTESIAN_POINT('',(-2.926845264812,-33.5824635594));
#867 = CARTESIAN_POINT('',(-2.937021272143,-33.65585063029));
#868 = CARTESIAN_POINT('',(-2.947263832554,-33.72677683835));
#869 = CARTESIAN_POINT('',(-2.957576587646,-33.79501233304));
#870 = CARTESIAN_POINT('',(-2.967963289637,-33.860310032));
#871 = CARTESIAN_POINT('',(-2.997890717188,-34.03789702256));
#872 = CARTESIAN_POINT('',(-3.01778295777,-34.14326271072));
#873 = CARTESIAN_POINT('',(-3.037979001134,-34.23554989306));
#874 = CARTESIAN_POINT('',(-3.058394748824,-34.31229730989));
#875 = CARTESIAN_POINT('',(-3.078980074199,-34.37154700613));
#876 = CARTESIAN_POINT('',(-3.099710915562,-34.41184567766));
#877 = CARTESIAN_POINT('',(-3.120580927949,-34.43223567113));
#878 = CARTESIAN_POINT('',(-3.14159269359,-34.43223563717));
#879 = ( GEOMETRIC_REPRESENTATION_CONTEXT(2) 
PARAMETRIC_REPRESENTATION_CONTEXT() REPRESENTATION_CONTEXT('2D SPACE',''
  ) );
#880 = PCURVE('',#410,#881);
#881 = DEFINITIONAL_REPRESENTATION('',(#882),#990);
#882 = B_SPLINE_CURVE_WITH_KNOTS('',8,(#883,#884,#885,#886,#887,#888,
    #889,#890,#891,#892,#893,#894,#895,#896,#897,#898,#899,#900,#901,
    #902,#903,#904,#905,#906,#907,#908,#909,#910,#911,#912,#913,#914,
    #915,#916,#917,#918,#919,#920,#921,#922,#923,#924,#925,#926,#927,
    #928,#929,#930,#931,#932,#933,#934,#935,#936,#937,#938,#939,#940,
    #941,#942,#943,#944,#945,#946,#947,#948,#949,#950,#951,#952,#953,
    #954,#955,#956,#957,#958,#959,#960,#961,#962,#963,#964,#965,#966,
    #967,#968,#969,#970,#971,#972,#973,#974,#975,#976,#977,#978,#979,
    #980,#981,#982,#983,#984,#985,#986,#987,#988,#989),.UNSPECIFIED.,.F.
  ,.F.,(9,7,7,7,7,7,7,7,7,7,7,7,7,7,7,9),(0.,5.606176026676E-02,
    8.459838063541E-02,0.188092264624,0.350939562209,0.405066139277,
    0.442786641405,0.46190938493,0.49940660182,0.555267538114,
    0.593999965849,0.647492721695,0.810838403991,0.916685655889,
    0.945817631309,1.),.UNSPECIFIED.);
#883 = CARTESIAN_POINT('',(-1.926217528485,3.552713678801E-15));
#884 = CARTESIAN_POINT('',(-1.926217528485,-0.327356328817));
#885 = CARTESIAN_POINT('',(-1.927683962041,-0.652235815646));
#886 = CARTESIAN_POINT('',(-1.930577970406,-0.974518882635));
#887 = CARTESIAN_POINT('',(-1.934830242731,-1.293942248152));
#888 = CARTESIAN_POINT('',(-1.940338809037,-1.609941575835));
#889 = CARTESIAN_POINT('',(-1.946967160717,-1.9215195184));
#890 = CARTESIAN_POINT('',(-1.954542193905,-2.227139665008));
#891 = CARTESIAN_POINT('',(-1.967081068681,-2.676084369397));
#892 = CARTESIAN_POINT('',(-1.971520723608,-2.826128817864));
#893 = CARTESIAN_POINT('',(-1.976155432285,-2.974817099196));
#894 = CARTESIAN_POINT('',(-1.980971294022,-3.122186262068));
#895 = CARTESIAN_POINT('',(-1.98595551099,-3.268273551016));
#896 = CARTESIAN_POINT('',(-1.99109638823,-3.413116406434));
#897 = CARTESIAN_POINT('',(-1.996383333647,-3.556752464578));
#898 = CARTESIAN_POINT('',(-2.02147637718,-4.215905577253));
#899 = CARTESIAN_POINT('',(-2.043069987218,-4.720573914635));
#900 = CARTESIAN_POINT('',(-2.066114843377,-5.213118882294));
#901 = CARTESIAN_POINT('',(-2.090252068021,-5.693490119925));
#902 = CARTESIAN_POINT('',(-2.115271619655,-6.162454761271));
#903 = CARTESIAN_POINT('',(-2.141103939867,-6.621759400378));
#904 = CARTESIAN_POINT('',(-2.167801260022,-7.073837429851));
#905 = CARTESIAN_POINT('',(-2.239134418865,-8.225649770937));
#906 = CARTESIAN_POINT('',(-2.284628404563,-8.908250859493));
#907 = CARTESIAN_POINT('',(-2.332033156598,-9.573171617773));
#908 = CARTESIAN_POINT('',(-2.381563203497,-10.22163459874));
#909 = CARTESIAN_POINT('',(-2.433467302011,-10.85248696671));
#910 = CARTESIAN_POINT('',(-2.488018526398,-11.46179110348));
#911 = CARTESIAN_POINT('',(-2.545505796089,-12.04270564269));
#912 = CARTESIAN_POINT('',(-2.626435174794,-12.76502939551));
#913 = CARTESIAN_POINT('',(-2.647010223381,-12.94117701058));
#914 = CARTESIAN_POINT('',(-2.667989456955,-13.11291915468));
#915 = CARTESIAN_POINT('',(-2.689390460924,-13.27983185202));
#916 = CARTESIAN_POINT('',(-2.711230647195,-13.44142615806));
#917 = CARTESIAN_POINT('',(-2.733527376792,-13.59714587712));
#918 = CARTESIAN_POINT('',(-2.75629808247,-13.74636527985));
#919 = CARTESIAN_POINT('',(-2.795771761382,-13.98736082095));
#920 = CARTESIAN_POINT('',(-2.812226121868,-14.08286493056));
#921 = CARTESIAN_POINT('',(-2.828921420772,-14.17460929816));
#922 = CARTESIAN_POINT('',(-2.845855841446,-14.26230178694));
#923 = CARTESIAN_POINT('',(-2.863027838752,-14.34564786779));
#924 = CARTESIAN_POINT('',(-2.880436175206,-14.42435051228));
#925 = CARTESIAN_POINT('',(-2.898079957124,-14.49811008559));
#926 = CARTESIAN_POINT('',(-2.925022443418,-14.60135809826));
#927 = CARTESIAN_POINT('',(-2.934145028274,-14.63473783927));
#928 = CARTESIAN_POINT('',(-2.943324365498,-14.66671735066));
#929 = CARTESIAN_POINT('',(-2.952558440157,-14.69725239097));
#930 = CARTESIAN_POINT('',(-2.96184528222,-14.72630058917));
#931 = CARTESIAN_POINT('',(-2.971182966557,-14.75382144463));
#932 = CARTESIAN_POINT('',(-2.980569612944,-14.77977632714));
#933 = CARTESIAN_POINT('',(-3.008501790113,-14.85187988041));
#934 = CARTESIAN_POINT('',(-3.027191093088,-14.89349369943));
#935 = CARTESIAN_POINT('',(-3.046038976248,-14.92863330894));
#936 = CARTESIAN_POINT('',(-3.065014350216,-14.95702739538));
#937 = CARTESIAN_POINT('',(-3.0840870096,-14.9784698113));
#938 = CARTESIAN_POINT('',(-3.103227287637,-14.99281942996));
#939 = CARTESIAN_POINT('',(-3.122405710832,-15.));
#940 = CARTESIAN_POINT('',(-3.170176123937,-15.));
#941 = CARTESIAN_POINT('',(-3.198703484804,-14.98406402982));
#942 = CARTESIAN_POINT('',(-3.227095561229,-14.95230258257));
#943 = CARTESIAN_POINT('',(-3.255273062155,-14.90508736296));
#944 = CARTESIAN_POINT('',(-3.28315502958,-14.84305181457));
#945 = CARTESIAN_POINT('',(-3.310657287712,-14.7670916471));
#946 = CARTESIAN_POINT('',(-3.337690892119,-14.67836536365));
#947 = CARTESIAN_POINT('',(-3.382513927362,-14.50890861946));
#948 = CARTESIAN_POINT('',(-3.40062150584,-14.43397284133));
#949 = CARTESIAN_POINT('',(-3.418482593031,-14.35381280268));
#950 = CARTESIAN_POINT('',(-3.436096044007,-14.26875129613));
#951 = CARTESIAN_POINT('',(-3.453460328885,-14.17910868156));
#952 = CARTESIAN_POINT('',(-3.470573571509,-14.08520300981));
#953 = CARTESIAN_POINT('',(-3.487433588136,-13.98735014642));
#954 = CARTESIAN_POINT('',(-3.52696992005,-13.74570280629));
#955 = CARTESIAN_POINT('',(-3.549423987622,-13.59855186583));
#956 = CARTESIAN_POINT('',(-3.571417050029,-13.44507924291));
#957 = CARTESIAN_POINT('',(-3.592965852447,-13.28588511641));
#958 = CARTESIAN_POINT('',(-3.614087079124,-13.12150377949));
#959 = CARTESIAN_POINT('',(-3.634797468474,-12.95240574403));
#960 = CARTESIAN_POINT('',(-3.655113928167,-12.77899984502));
#961 = CARTESIAN_POINT('',(-3.735941661177,-12.06003443464));
#962 = CARTESIAN_POINT('',(-3.793547491071,-11.47946725529));
#963 = CARTESIAN_POINT('',(-3.848195103818,-10.87043823217));
#964 = CARTESIAN_POINT('',(-3.900179563444,-10.23983931952));
#965 = CARTESIAN_POINT('',(-3.949780295885,-9.591610001016));
#966 = CARTESIAN_POINT('',(-3.997252863691,-8.926868630432));
#967 = CARTESIAN_POINT('',(-4.042818881667,-8.244329013695));
#968 = CARTESIAN_POINT('',(-4.114832618329,-7.083501940258));
#969 = CARTESIAN_POINT('',(-4.142075661532,-6.622537511104));
#970 = CARTESIAN_POINT('',(-4.168418668806,-6.154101408143));
#971 = CARTESIAN_POINT('',(-4.193921020742,-5.675550689307));
#972 = CARTESIAN_POINT('',(-4.218508637105,-5.185004795623));
#973 = CARTESIAN_POINT('',(-4.241953470531,-4.681671628226));
#974 = CARTESIAN_POINT('',(-4.263864776469,-4.165650905424));
#975 = CARTESIAN_POINT('',(-4.289197378853,-3.491567229823));
#976 = CARTESIAN_POINT('',(-4.294520314185,-3.34485009158));
#977 = CARTESIAN_POINT('',(-4.299688237717,-3.196864971903));
#978 = CARTESIAN_POINT('',(-4.304689497333,-3.047575753464));
#979 = CARTESIAN_POINT('',(-4.309511309708,-2.896945534001));
#980 = CARTESIAN_POINT('',(-4.314139758694,-2.744936588319));
#981 = CARTESIAN_POINT('',(-4.318559793715,-2.591510330284));
#982 = CARTESIAN_POINT('',(-4.330558288948,-2.14856130287));
#983 = CARTESIAN_POINT('',(-4.337648644859,-1.853085807666));
#984 = CARTESIAN_POINT('',(-4.343836653263,-1.552144124142));
#985 = CARTESIAN_POINT('',(-4.348968051755,-1.24713254907));
#986 = CARTESIAN_POINT('',(-4.352921861124,-0.938976326493));
#987 = CARTESIAN_POINT('',(-4.355608452828,-0.628226250393));
#988 = CARTESIAN_POINT('',(-4.356967780959,-0.315175884609));
#989 = CARTESIAN_POINT('',(-4.356967778694,5.999999999062E-07));
#990 = ( GEOMETRIC_REPRESENTATION_CONTEXT(2) 
PARAMETRIC_REPRESENTATION_CONTEXT() REPRESENTATION_CONTEXT('2D SPACE',''
  ) );
#991 = ORIENTED_EDGE('',*,*,#992,.T.);
#992 = EDGE_CURVE('',#371,#394,#993,.T.);
#993 = SEAM_CURVE('',#994,(#998,#1005),.PCURVE_S1.);
#994 = LINE('',#995,#996);
#995 = CARTESIAN_POINT('',(-40.,15.,0.));
#996 = VECTOR('',#997,1.);
#997 = DIRECTION('',(1.,0.,0.));
#998 = PCURVE('',#284,#999);
#999 = DEFINITIONAL_REPRESENTATION('',(#1000),#1004);
#1000 = LINE('',#1001,#1002);
#1001 = CARTESIAN_POINT('',(-6.28318530718,0.));
#1002 = VECTOR('',#1003,1.);
#1003 = DIRECTION('',(-0.,-1.));
#1004 = ( GEOMETRIC_REPRESENTATION_CONTEXT(2) 
PARAMETRIC_REPRESENTATION_CONTEXT() REPRESENTATION_CONTEXT('2D SPACE',''
  ) );
#1005 = PCURVE('',#284,#1006);
#1006 = DEFINITIONAL_REPRESENTATION('',(#1007),#1011);
#1007 = LINE('',#1008,#1009);
#1008 = CARTESIAN_POINT('',(-0.,0.));
#1009 = VECTOR('',#1010,1.);
#1010 = DIRECTION('',(-0.,-1.));
#1011 = ( GEOMETRIC_REPRESENTATION_CONTEXT(2) 
PARAMETRIC_REPRESENTATION_CONTEXT() REPRESENTATION_CONTEXT('2D SPACE',''
  ) );
#1012 = ORIENTED_EDGE('',*,*,#1013,.T.);
#1013 = EDGE_CURVE('',#394,#1014,#1016,.T.);
#1014 = VERTEX_POINT('',#1015);
#1015 = CARTESIAN_POINT('',(10.,12.489995996797,8.306623862918));
#1016 = SURFACE_CURVE('',#1017,(#1041,#1068),.PCURVE_S1.);
#1017 = B_SPLINE_CURVE_WITH_KNOTS('',8,(#1018,#1019,#1020,#1021,#1022,
    #1023,#1024,#1025,#1026,#1027,#1028,#1029,#1030,#1031,#1032,#1033,
    #1034,#1035,#1036,#1037,#1038,#1039,#1040),.UNSPECIFIED.,.F.,.F.,(9,
    7,7,9),(0.,0.266561986101,0.891677076249,1.),.UNSPECIFIED.);
#1018 = CARTESIAN_POINT('',(5.56776436283,15.,-3.673940397442E-15));
#1019 = CARTESIAN_POINT('',(5.56776436283,15.,0.327356329324));
#1020 = CARTESIAN_POINT('',(5.589760886173,14.991835316696,
    0.652235815409));
#1021 = CARTESIAN_POINT('',(5.633170935614,14.975721851754,
    0.974518882104));
#1022 = CARTESIAN_POINT('',(5.696888077252,14.951866130388,
    1.293942248083));
#1023 = CARTESIAN_POINT('',(5.779257250097,14.920496558551,
    1.609941576345));
#1024 = CARTESIAN_POINT('',(5.87806694864,14.881952969634,1.921519518762
    ));
#1025 = CARTESIAN_POINT('',(5.990553845247,14.83681030119,2.227139664476
    ));
#1026 = CARTESIAN_POINT('',(6.40153668955,14.666885604067,3.222331764777
    ));
#1027 = CARTESIAN_POINT('',(6.755357302998,14.513080553266,
    3.896341926124));
#1028 = CARTESIAN_POINT('',(7.152470524992,14.327633915877,
    4.548532094984));
#1029 = CARTESIAN_POINT('',(7.573723596524,14.113037921396,5.17760346354
    ));
#1030 = CARTESIAN_POINT('',(8.007133309613,13.872194874891,
    5.783844275433));
#1031 = CARTESIAN_POINT('',(8.447832359945,13.605787902291,
    6.371320289344));
#1032 = CARTESIAN_POINT('',(8.896708260887,13.310595813337,
    6.947517908017));
#1033 = CARTESIAN_POINT('',(9.437894781325,12.920365799351,7.62085026349
    ));
#1034 = CARTESIAN_POINT('',(9.517948769967,12.8617865978,7.719919870899)
  );
#1035 = CARTESIAN_POINT('',(9.598111138441,12.802254341769,
    7.818617451554));
#1036 = CARTESIAN_POINT('',(9.678365711185,12.741760869683,
    7.916946511247));
#1037 = CARTESIAN_POINT('',(9.758696828821,12.680297560742,
    8.014909896597));
#1038 = CARTESIAN_POINT('',(9.83908934815,12.617855334922,8.112509795055
    ));
#1039 = CARTESIAN_POINT('',(9.919528642155,12.554424652971,
    8.209747734898));
#1040 = CARTESIAN_POINT('',(10.0000006,12.489995516412,8.306624585233));
#1041 = PCURVE('',#284,#1042);
#1042 = DEFINITIONAL_REPRESENTATION('',(#1043),#1067);
#1043 = B_SPLINE_CURVE_WITH_KNOTS('',8,(#1044,#1045,#1046,#1047,#1048,
    #1049,#1050,#1051,#1052,#1053,#1054,#1055,#1056,#1057,#1058,#1059,
    #1060,#1061,#1062,#1063,#1064,#1065,#1066),.UNSPECIFIED.,.F.,.F.,(9,
    7,7,9),(0.,0.266561986101,0.891677076249,1.),.UNSPECIFIED.);
#1044 = CARTESIAN_POINT('',(0.,-45.56776436283));
#1045 = CARTESIAN_POINT('',(-2.182375528829E-02,-45.56776436283));
#1046 = CARTESIAN_POINT('',(-4.348238530308E-02,-45.58976088617));
#1047 = CARTESIAN_POINT('',(-6.498377141595E-02,-45.63317093561));
#1048 = CARTESIAN_POINT('',(-8.632515583903E-02,-45.69688807725));
#1049 = CARTESIAN_POINT('',(-0.107482924041,-45.77925725009));
#1050 = CARTESIAN_POINT('',(-0.128403345763,-45.87806694864));
#1051 = CARTESIAN_POINT('',(-0.148993892512,-45.99055384524));
#1052 = CARTESIAN_POINT('',(-0.21630021446,-46.40153668955));
#1053 = CARTESIAN_POINT('',(-0.262319050647,-46.75535730299));
#1054 = CARTESIAN_POINT('',(-0.307418720359,-47.15247052499));
#1055 = CARTESIAN_POINT('',(-0.351614442645,-47.57372359652));
#1056 = CARTESIAN_POINT('',(-0.395001735958,-48.00713330961));
#1057 = CARTESIAN_POINT('',(-0.437924374683,-48.44783235994));
#1058 = CARTESIAN_POINT('',(-0.481027322588,-48.89670826088));
#1059 = CARTESIAN_POINT('',(-0.532909921886,-49.43789478132));
#1060 = CARTESIAN_POINT('',(-0.540582471545,-49.51794876996));
#1061 = CARTESIAN_POINT('',(-0.548266105327,-49.59811113844));
#1062 = CARTESIAN_POINT('',(-0.555961991319,-49.67836571118));
#1063 = CARTESIAN_POINT('',(-0.56367128662,-49.75869682882));
#1064 = CARTESIAN_POINT('',(-0.571395137335,-49.83908934815));
#1065 = CARTESIAN_POINT('',(-0.579134678578,-49.91952864215));
#1066 = CARTESIAN_POINT('',(-0.586891034471,-50.0000006));
#1067 = ( GEOMETRIC_REPRESENTATION_CONTEXT(2) 
PARAMETRIC_REPRESENTATION_CONTEXT() REPRESENTATION_CONTEXT('2D SPACE',''
  ) );
#1068 = PCURVE('',#410,#1069);
#1069 = DEFINITIONAL_REPRESENTATION('',(#1070),#1094);
#1070 = B_SPLINE_CURVE_WITH_KNOTS('',8,(#1071,#1072,#1073,#1074,#1075,
    #1076,#1077,#1078,#1079,#1080,#1081,#1082,#1083,#1084,#1085,#1086,
    #1087,#1088,#1089,#1090,#1091,#1092,#1093),.UNSPECIFIED.,.F.,.F.,(9,
    7,7,9),(0.,0.266561986101,0.891677076249,1.),.UNSPECIFIED.);
#1071 = CARTESIAN_POINT('',(-1.215375125105,3.552713678801E-15));
#1072 = CARTESIAN_POINT('',(-1.215375125105,-0.327356329324));
#1073 = CARTESIAN_POINT('',(-1.213908691544,-0.652235815409));
#1074 = CARTESIAN_POINT('',(-1.21101468319,-0.974518882104));
#1075 = CARTESIAN_POINT('',(-1.206762410867,-1.293942248083));
#1076 = CARTESIAN_POINT('',(-1.201253844545,-1.609941576345));
#1077 = CARTESIAN_POINT('',(-1.194625492859,-1.921519518762));
#1078 = CARTESIAN_POINT('',(-1.1870504597,-2.227139664476));
#1079 = CARTESIAN_POINT('',(-1.159255078662,-3.222331764777));
#1080 = CARTESIAN_POINT('',(-1.135146199627,-3.896341926123));
#1081 = CARTESIAN_POINT('',(-1.107769998671,-4.548532094988));
#1082 = CARTESIAN_POINT('',(-1.078258359718,-5.177603463535));
#1083 = CARTESIAN_POINT('',(-1.047309091577,-5.783844275437));
#1084 = CARTESIAN_POINT('',(-1.015161056332,-6.371320289343));
#1085 = CARTESIAN_POINT('',(-0.981614517348,-6.947517908017));
#1086 = CARTESIAN_POINT('',(-0.939914214136,-7.62085026349));
#1087 = CARTESIAN_POINT('',(-0.933714515167,-7.719919870899));
#1088 = CARTESIAN_POINT('',(-0.927474127854,-7.818617451554));
#1089 = CARTESIAN_POINT('',(-0.921193198151,-7.916946511247));
#1090 = CARTESIAN_POINT('',(-0.914871808336,-8.014909896597));
#1091 = CARTESIAN_POINT('',(-0.908509977008,-8.112509795055));
#1092 = CARTESIAN_POINT('',(-0.902107659089,-8.209747734898));
#1093 = CARTESIAN_POINT('',(-0.895664745819,-8.306624585233));
#1094 = ( GEOMETRIC_REPRESENTATION_CONTEXT(2) 
PARAMETRIC_REPRESENTATION_CONTEXT() REPRESENTATION_CONTEXT('2D SPACE',''
  ) );
#1095 = ORIENTED_EDGE('',*,*,#1096,.T.);
#1096 = EDGE_CURVE('',#1014,#1097,#1099,.T.);
#1097 = VERTEX_POINT('',#1098);
#1098 = CARTESIAN_POINT('',(10.,-12.48999599679,8.306623862918));
#1099 = SURFACE_CURVE('',#1100,(#1105,#1112),.PCURVE_S1.);
#1100 = CIRCLE('',#1101,15.);
#1101 = AXIS2_PLACEMENT_3D('',#1102,#1103,#1104);
#1102 = CARTESIAN_POINT('',(10.,0.,0.));
#1103 = DIRECTION('',(1.,0.,0.));
#1104 = DIRECTION('',(0.,1.,0.));
#1105 = PCURVE('',#284,#1106);
#1106 = DEFINITIONAL_REPRESENTATION('',(#1107),#1111);
#1107 = LINE('',#1108,#1109);
#1108 = CARTESIAN_POINT('',(-0.,-50.));
#1109 = VECTOR('',#1110,1.);
#1110 = DIRECTION('',(-1.,0.));
#1111 = ( GEOMETRIC_REPRESENTATION_CONTEXT(2) 
PARAMETRIC_REPRESENTATION_CONTEXT() REPRESENTATION_CONTEXT('2D SPACE',''
  ) );
#1112 = PCURVE('',#460,#1113);
#1113 = DEFINITIONAL_REPRESENTATION('',(#1114),#1118);
#1114 = CIRCLE('',#1115,15.);
#1115 = AXIS2_PLACEMENT_2D('',#1116,#1117);
#1116 = CARTESIAN_POINT('',(-1.169780044473E-16,-7.29301404021E-16));
#1117 = DIRECTION('',(0.,-1.));
#1118 = ( GEOMETRIC_REPRESENTATION_CONTEXT(2) 
PARAMETRIC_REPRESENTATION_CONTEXT() REPRESENTATION_CONTEXT('2D SPACE',''
  ) );
#1119 = ORIENTED_EDGE('',*,*,#1120,.T.);
#1120 = EDGE_CURVE('',#1097,#541,#1121,.T.);
#1121 = SURFACE_CURVE('',#1122,(#1153,#1187),.PCURVE_S1.);
#1122 = B_SPLINE_CURVE_WITH_KNOTS('',8,(#1123,#1124,#1125,#1126,#1127,
    #1128,#1129,#1130,#1131,#1132,#1133,#1134,#1135,#1136,#1137,#1138,
    #1139,#1140,#1141,#1142,#1143,#1144,#1145,#1146,#1147,#1148,#1149,
    #1150,#1151,#1152),.UNSPECIFIED.,.F.,.F.,(9,7,7,7,9),(0.,
    0.105666631564,0.739824655481,0.934701857582,1.),.UNSPECIFIED.);
#1123 = CARTESIAN_POINT('',(10.0000006,-12.48999551641,8.306624585233));
#1124 = CARTESIAN_POINT('',(9.921404261374,-12.5529229556,8.212005715034
    ));
#1125 = CARTESIAN_POINT('',(9.842839085894,-12.61489793317,
    8.117042405475));
#1126 = CARTESIAN_POINT('',(9.764318221884,-12.67592976999,
    8.021733836821));
#1127 = CARTESIAN_POINT('',(9.685855285718,-12.73602736719,
    7.926078593252));
#1128 = CARTESIAN_POINT('',(9.607464361824,-12.7951992062,7.830074662865
    ));
#1129 = CARTESIAN_POINT('',(9.529160002683,-12.85345334871,
    7.733719437673));
#1130 = CARTESIAN_POINT('',(9.450957228828,-12.91079743667,
    7.637009713605));
#1131 = CARTESIAN_POINT('',(8.904240396532,-13.30597074637,
    6.957388193691));
#1132 = CARTESIAN_POINT('',(8.44857624167,-13.6058636904,6.372802207604)
  );
#1133 = CARTESIAN_POINT('',(8.001278967547,-13.87616266986,
    5.776614239859));
#1134 = CARTESIAN_POINT('',(7.561365871544,-14.1202235786,5.16097297723)
  );
#1135 = CARTESIAN_POINT('',(7.133879195819,-14.33730410356,
    4.521490056496));
#1136 = CARTESIAN_POINT('',(6.731651008415,-14.52422420714,
    3.858137117225));
#1137 = CARTESIAN_POINT('',(6.374999986398,-14.67841653008,
    3.172222132601));
#1138 = CARTESIAN_POINT('',(5.999366300753,-14.83296060484,
    2.243274800799));
#1139 = CARTESIAN_POINT('',(5.917109380488,-14.86609887459,
    2.021334361977));
#1140 = CARTESIAN_POINT('',(5.841979509556,-14.89577610214,1.79636629202
    ));
#1141 = CARTESIAN_POINT('',(5.774960114042,-14.92179178239,
    1.568781349712));
#1142 = CARTESIAN_POINT('',(5.71693085708,-14.94399344045,1.338863511046
    ));
#1143 = CARTESIAN_POINT('',(5.668666637955,-14.9622561804,1.106782419005
    ));
#1144 = CARTESIAN_POINT('',(5.630837158676,-14.97646464968,
    0.872606062683));
#1145 = CARTESIAN_POINT('',(5.59501700835,-14.98985913203,0.557138425028
    ));
#1146 = CARTESIAN_POINT('',(5.587271085709,-14.99274854998,
    0.477806536487));
#1147 = CARTESIAN_POINT('',(5.580789276339,-14.99516170434,
    0.398345212728));
#1148 = CARTESIAN_POINT('',(5.575587608121,-14.99709541762,0.31878094055
    ));
#1149 = CARTESIAN_POINT('',(5.571678150607,-14.99854730348,
    0.239139500934));
#1150 = CARTESIAN_POINT('',(5.569069015017,-14.9995157667,0.159445969042
    ));
#1151 = CARTESIAN_POINT('',(5.567764354239,-15.00000000318,
    7.972471422151E-02));
#1152 = CARTESIAN_POINT('',(5.56776436283,-15.,-6.000000072503E-07));
#1153 = PCURVE('',#284,#1154);
#1154 = DEFINITIONAL_REPRESENTATION('',(#1155),#1186);
#1155 = B_SPLINE_CURVE_WITH_KNOTS('',8,(#1156,#1157,#1158,#1159,#1160,
    #1161,#1162,#1163,#1164,#1165,#1166,#1167,#1168,#1169,#1170,#1171,
    #1172,#1173,#1174,#1175,#1176,#1177,#1178,#1179,#1180,#1181,#1182,
    #1183,#1184,#1185),.UNSPECIFIED.,.F.,.F.,(9,7,7,7,9),(0.,
    0.105666631564,0.739824655481,0.934701857582,1.),.UNSPECIFIED.);
#1156 = CARTESIAN_POINT('',(-2.554701619118,-50.0000006));
#1157 = CARTESIAN_POINT('',(-2.56227719191,-49.92140426137));
#1158 = CARTESIAN_POINT('',(-2.569836723526,-49.84283908589));
#1159 = CARTESIAN_POINT('',(-2.577381262244,-49.76431822188));
#1160 = CARTESIAN_POINT('',(-2.584911865974,-49.68585528571));
#1161 = CARTESIAN_POINT('',(-2.592429602259,-49.60746436182));
#1162 = CARTESIAN_POINT('',(-2.59993554828,-49.52916000268));
#1163 = CARTESIAN_POINT('',(-2.607430790847,-49.45095722882));
#1164 = CARTESIAN_POINT('',(-2.659841449434,-48.90424039653));
#1165 = CARTESIAN_POINT('',(-2.703582129657,-48.44857624166));
#1166 = CARTESIAN_POINT('',(-2.747137527672,-48.00127896754));
#1167 = CARTESIAN_POINT('',(-2.791181919269,-47.56136587154));
#1168 = CARTESIAN_POINT('',(-2.836082315787,-47.13387919582));
#1169 = CARTESIAN_POINT('',(-2.88191966167,-46.73165100841));
#1170 = CARTESIAN_POINT('',(-2.92871438585,-46.37499998639));
#1171 = CARTESIAN_POINT('',(-2.991495381428,-45.99936630075));
#1172 = CARTESIAN_POINT('',(-3.00645336128,-45.91710938048));
#1173 = CARTESIAN_POINT('',(-3.021577479884,-45.84197950955));
#1174 = CARTESIAN_POINT('',(-3.03684398407,-45.77496011404));
#1175 = CARTESIAN_POINT('',(-3.052238336452,-45.71693085708));
#1176 = CARTESIAN_POINT('',(-3.06775410399,-45.66866663795));
#1177 = CARTESIAN_POINT('',(-3.083391989757,-45.63083715867));
#1178 = CARTESIAN_POINT('',(-3.104442114334,-45.59501700835));
#1179 = CARTESIAN_POINT('',(-3.109734316221,-45.5872710857));
#1180 = CARTESIAN_POINT('',(-3.115034018485,-45.58078927633));
#1181 = CARTESIAN_POINT('',(-3.120339675837,-45.57558760812));
#1182 = CARTESIAN_POINT('',(-3.125649792797,-45.5716781506));
#1183 = CARTESIAN_POINT('',(-3.130962923689,-45.56906901501));
#1184 = CARTESIAN_POINT('',(-3.136277672642,-45.56776435423));
#1185 = CARTESIAN_POINT('',(-3.14159269359,-45.56776436283));
#1186 = ( GEOMETRIC_REPRESENTATION_CONTEXT(2) 
PARAMETRIC_REPRESENTATION_CONTEXT() REPRESENTATION_CONTEXT('2D SPACE',''
  ) );
#1187 = PCURVE('',#410,#1188);
#1188 = DEFINITIONAL_REPRESENTATION('',(#1189),#1220);
#1189 = B_SPLINE_CURVE_WITH_KNOTS('',8,(#1190,#1191,#1192,#1193,#1194,
    #1195,#1196,#1197,#1198,#1199,#1200,#1201,#1202,#1203,#1204,#1205,
    #1206,#1207,#1208,#1209,#1210,#1211,#1212,#1213,#1214,#1215,#1216,
    #1217,#1218,#1219),.UNSPECIFIED.,.F.,.F.,(9,7,7,7,9),(0.,
    0.105666631564,0.739824655481,0.934701857582,1.),.UNSPECIFIED.);
#1190 = CARTESIAN_POINT('',(-5.38752056136,-8.306624585233));
#1191 = CARTESIAN_POINT('',(-5.381227817818,-8.212005715034));
#1192 = CARTESIAN_POINT('',(-5.374973799849,-8.117042405475));
#1193 = CARTESIAN_POINT('',(-5.368758405952,-8.021733836821));
#1194 = CARTESIAN_POINT('',(-5.362581592576,-7.926078593252));
#1195 = CARTESIAN_POINT('',(-5.356443374123,-7.830074662865));
#1196 = CARTESIAN_POINT('',(-5.350343822944,-7.733719437673));
#1197 = CARTESIAN_POINT('',(-5.344283069344,-7.637009713605));
#1198 = CARTESIAN_POINT('',(-5.302121677449,-6.957388193691));
#1199 = CARTESIAN_POINT('',(-5.268060860187,-6.372802207605));
#1200 = CARTESIAN_POINT('',(-5.235435615222,-5.776614239858));
#1201 = CARTESIAN_POINT('',(-5.204035212782,-5.160972977233));
#1202 = CARTESIAN_POINT('',(-5.174107662936,-4.521490056495));
#1203 = CARTESIAN_POINT('',(-5.146403083438,-3.858137117226));
#1204 = CARTESIAN_POINT('',(-5.122122189281,-3.172222132601));
#1205 = CARTESIAN_POINT('',(-5.09673575891,-2.243274800799));
#1206 = CARTESIAN_POINT('',(-5.091193338466,-2.021334361977));
#1207 = CARTESIAN_POINT('',(-5.086144829821,-1.79636629202));
#1208 = CARTESIAN_POINT('',(-5.081651725997,-1.568781349712));
#1209 = CARTESIAN_POINT('',(-5.07776857286,-1.338863511046));
#1210 = CARTESIAN_POINT('',(-5.074543340096,-1.106782419005));
#1211 = CARTESIAN_POINT('',(-5.072017733497,-0.872606062683));
#1212 = CARTESIAN_POINT('',(-5.069627571919,-0.557138425028));
#1213 = CARTESIAN_POINT('',(-5.069110866432,-0.477806536487));
#1214 = CARTESIAN_POINT('',(-5.068678588959,-0.398345212728));
#1215 = CARTESIAN_POINT('',(-5.068331747365,-0.31878094055));
#1216 = CARTESIAN_POINT('',(-5.068071100514,-0.239139500934));
#1217 = CARTESIAN_POINT('',(-5.067897158271,-0.159445969042));
#1218 = CARTESIAN_POINT('',(-5.067810181502,-7.972471422152E-02));
#1219 = CARTESIAN_POINT('',(-5.067810182075,5.999999999062E-07));
#1220 = ( GEOMETRIC_REPRESENTATION_CONTEXT(2) 
PARAMETRIC_REPRESENTATION_CONTEXT() REPRESENTATION_CONTEXT('2D SPACE',''
  ) );
#1221 = ORIENTED_EDGE('',*,*,#540,.F.);
#1222 = ORIENTED_EDGE('',*,*,#1223,.T.);
#1223 = EDGE_CURVE('',#520,#423,#1224,.T.);
#1224 = SURFACE_CURVE('',#1225,(#1230,#1237),.PCURVE_S1.);
#1225 = CIRCLE('',#1226,15.);
#1226 = AXIS2_PLACEMENT_3D('',#1227,#1228,#1229);
#1227 = CARTESIAN_POINT('',(10.,0.,0.));
#1228 = DIRECTION('',(1.,0.,0.));
#1229 = DIRECTION('',(0.,1.,0.));
#1230 = PCURVE('',#284,#1231);
#1231 = DEFINITIONAL_REPRESENTATION('',(#1232),#1236);
#1232 = LINE('',#1233,#1234);
#1233 = CARTESIAN_POINT('',(-0.,-50.));
#1234 = VECTOR('',#1235,1.);
#1235 = DIRECTION('',(-1.,0.));
#1236 = ( GEOMETRIC_REPRESENTATION_CONTEXT(2) 
PARAMETRIC_REPRESENTATION_CONTEXT() REPRESENTATION_CONTEXT('2D SPACE',''
  ) );
#1237 = PCURVE('',#460,#1238);
#1238 = DEFINITIONAL_REPRESENTATION('',(#1239),#1243);
#1239 = CIRCLE('',#1240,15.);
#1240 = AXIS2_PLACEMENT_2D('',#1241,#1242);
#1241 = CARTESIAN_POINT('',(-1.169780044473E-16,-7.29301404021E-16));
#1242 = DIRECTION('',(0.,-1.));
#1243 = ( GEOMETRIC_REPRESENTATION_CONTEXT(2) 
PARAMETRIC_REPRESENTATION_CONTEXT() REPRESENTATION_CONTEXT('2D SPACE',''
  ) );
#1244 = ORIENTED_EDGE('',*,*,#422,.F.);
#1245 = ORIENTED_EDGE('',*,*,#992,.F.);
#1246 = ORIENTED_EDGE('',*,*,#370,.F.);
#1247 = ORIENTED_EDGE('',*,*,#636,.F.);
#1248 = ADVANCED_FACE('',(#1249,#1252),#95,.T.);
#1249 = FACE_BOUND('',#1250,.T.);
#1250 = EDGE_LOOP('',(#1251));
#1251 = ORIENTED_EDGE('',*,*,#80,.T.);
#1252 = FACE_BOUND('',#1253,.T.);
#1253 = EDGE_LOOP('',(#1254));
#1254 = ORIENTED_EDGE('',*,*,#1255,.F.);
#1255 = EDGE_CURVE('',#1256,#1256,#1258,.T.);
#1256 = VERTEX_POINT('',#1257);
#1257 = CARTESIAN_POINT('',(16.,0.,80.));
#1258 = SURFACE_CURVE('',#1259,(#1264,#1271),.PCURVE_S1.);
#1259 = CIRCLE('',#1260,16.);
#1260 = AXIS2_PLACEMENT_3D('',#1261,#1262,#1263);
#1261 = CARTESIAN_POINT('',(0.,0.,80.));
#1262 = DIRECTION('',(0.,0.,1.));
#1263 = DIRECTION('',(1.,0.,0.));
#1264 = PCURVE('',#95,#1265);
#1265 = DEFINITIONAL_REPRESENTATION('',(#1266),#1270);
#1266 = CIRCLE('',#1267,16.);
#1267 = AXIS2_PLACEMENT_2D('',#1268,#1269);
#1268 = CARTESIAN_POINT('',(1.093952106032E-15,-2.775209066E-16));
#1269 = DIRECTION('',(1.,0.));
#1270 = ( GEOMETRIC_REPRESENTATION_CONTEXT(2) 
PARAMETRIC_REPRESENTATION_CONTEXT() REPRESENTATION_CONTEXT('2D SPACE',''
  ) );
#1271 = PCURVE('',#410,#1272);
#1272 = DEFINITIONAL_REPRESENTATION('',(#1273),#1277);
#1273 = LINE('',#1274,#1275);
#1274 = CARTESIAN_POINT('',(-0.,-80.));
#1275 = VECTOR('',#1276,1.);
#1276 = DIRECTION('',(-1.,0.));
#1277 = ( GEOMETRIC_REPRESENTATION_CONTEXT(2) 
PARAMETRIC_REPRESENTATION_CONTEXT() REPRESENTATION_CONTEXT('2D SPACE',''
  ) );
#1278 = ADVANCED_FACE('',(#1279),#410,.F.);
#1279 = FACE_BOUND('',#1280,.T.);
#1280 = EDGE_LOOP('',(#1281,#1282,#1303,#1304,#1305,#1306,#1325,#1326,
    #1327,#1328,#1329,#1330));
#1281 = ORIENTED_EDGE('',*,*,#471,.F.);
#1282 = ORIENTED_EDGE('',*,*,#1283,.T.);
#1283 = EDGE_CURVE('',#472,#1256,#1284,.T.);
#1284 = SEAM_CURVE('',#1285,(#1289,#1296),.PCURVE_S1.);
#1285 = LINE('',#1286,#1287);
#1286 = CARTESIAN_POINT('',(16.,0.,0.));
#1287 = VECTOR('',#1288,1.);
#1288 = DIRECTION('',(0.,0.,1.));
#1289 = PCURVE('',#410,#1290);
#1290 = DEFINITIONAL_REPRESENTATION('',(#1291),#1295);
#1291 = LINE('',#1292,#1293);
#1292 = CARTESIAN_POINT('',(-6.28318530718,0.));
#1293 = VECTOR('',#1294,1.);
#1294 = DIRECTION('',(-0.,-1.));
#1295 = ( GEOMETRIC_REPRESENTATION_CONTEXT(2) 
PARAMETRIC_REPRESENTATION_CONTEXT() REPRESENTATION_CONTEXT('2D SPACE',''
  ) );
#1296 = PCURVE('',#410,#1297);
#1297 = DEFINITIONAL_REPRESENTATION('',(#1298),#1302);
#1298 = LINE('',#1299,#1300);
#1299 = CARTESIAN_POINT('',(-0.,0.));
#1300 = VECTOR('',#1301,1.);
#1301 = DIRECTION('',(-0.,-1.));
#1302 = ( GEOMETRIC_REPRESENTATION_CONTEXT(2) 
PARAMETRIC_REPRESENTATION_CONTEXT() REPRESENTATION_CONTEXT('2D SPACE',''
  ) );
#1303 = ORIENTED_EDGE('',*,*,#1255,.T.);
#1304 = ORIENTED_EDGE('',*,*,#1283,.F.);
#1305 = ORIENTED_EDGE('',*,*,#495,.F.);
#1306 = ORIENTED_EDGE('',*,*,#1307,.F.);
#1307 = EDGE_CURVE('',#1097,#496,#1308,.T.);
#1308 = SURFACE_CURVE('',#1309,(#1313,#1319),.PCURVE_S1.);
#1309 = LINE('',#1310,#1311);
#1310 = CARTESIAN_POINT('',(10.,-12.48999599679,0.));
#1311 = VECTOR('',#1312,1.);
#1312 = DIRECTION('',(-0.,-0.,-1.));
#1313 = PCURVE('',#410,#1314);
#1314 = DEFINITIONAL_REPRESENTATION('',(#1315),#1318);
#1315 = B_SPLINE_CURVE_WITH_KNOTS('',1,(#1316,#1317),.UNSPECIFIED.,.F.,
  .F.,(2,2),(-18.,6.E-07),.PIECEWISE_BEZIER_KNOTS.);
#1316 = CARTESIAN_POINT('',(-5.387520513322,-18.));
#1317 = CARTESIAN_POINT('',(-5.387520513322,6.E-07));
#1318 = ( GEOMETRIC_REPRESENTATION_CONTEXT(2) 
PARAMETRIC_REPRESENTATION_CONTEXT() REPRESENTATION_CONTEXT('2D SPACE',''
  ) );
#1319 = PCURVE('',#460,#1320);
#1320 = DEFINITIONAL_REPRESENTATION('',(#1321),#1324);
#1321 = B_SPLINE_CURVE_WITH_KNOTS('',1,(#1322,#1323),.UNSPECIFIED.,.F.,
  .F.,(2,2),(-18.,6.E-07),.PIECEWISE_BEZIER_KNOTS.);
#1322 = CARTESIAN_POINT('',(18.,12.489995996797));
#1323 = CARTESIAN_POINT('',(-6.00000000117E-07,12.489995996797));
#1324 = ( GEOMETRIC_REPRESENTATION_CONTEXT(2) 
PARAMETRIC_REPRESENTATION_CONTEXT() REPRESENTATION_CONTEXT('2D SPACE',''
  ) );
#1325 = ORIENTED_EDGE('',*,*,#1120,.T.);
#1326 = ORIENTED_EDGE('',*,*,#561,.F.);
#1327 = ORIENTED_EDGE('',*,*,#659,.F.);
#1328 = ORIENTED_EDGE('',*,*,#393,.F.);
#1329 = ORIENTED_EDGE('',*,*,#1013,.T.);
#1330 = ORIENTED_EDGE('',*,*,#1331,.T.);
#1331 = EDGE_CURVE('',#1014,#446,#1332,.T.);
#1332 = SURFACE_CURVE('',#1333,(#1337,#1343),.PCURVE_S1.);
#1333 = LINE('',#1334,#1335);
#1334 = CARTESIAN_POINT('',(10.,12.489995996797,0.));
#1335 = VECTOR('',#1336,1.);
#1336 = DIRECTION('',(-0.,-0.,-1.));
#1337 = PCURVE('',#410,#1338);
#1338 = DEFINITIONAL_REPRESENTATION('',(#1339),#1342);
#1339 = B_SPLINE_CURVE_WITH_KNOTS('',1,(#1340,#1341),.UNSPECIFIED.,.F.,
  .F.,(2,2),(-18.,6.E-07),.PIECEWISE_BEZIER_KNOTS.);
#1340 = CARTESIAN_POINT('',(-0.895664793858,-18.));
#1341 = CARTESIAN_POINT('',(-0.895664793858,6.E-07));
#1342 = ( GEOMETRIC_REPRESENTATION_CONTEXT(2) 
PARAMETRIC_REPRESENTATION_CONTEXT() REPRESENTATION_CONTEXT('2D SPACE',''
  ) );
#1343 = PCURVE('',#460,#1344);
#1344 = DEFINITIONAL_REPRESENTATION('',(#1345),#1348);
#1345 = B_SPLINE_CURVE_WITH_KNOTS('',1,(#1346,#1347),.UNSPECIFIED.,.F.,
  .F.,(2,2),(-18.,6.E-07),.PIECEWISE_BEZIER_KNOTS.);
#1346 = CARTESIAN_POINT('',(18.,-12.48999599679));
#1347 = CARTESIAN_POINT('',(-6.00000000117E-07,-12.48999599679));
#1348 = ( GEOMETRIC_REPRESENTATION_CONTEXT(2) 
PARAMETRIC_REPRESENTATION_CONTEXT() REPRESENTATION_CONTEXT('2D SPACE',''
  ) );
#1349 = ADVANCED_FACE('',(#1350,#1358),#460,.T.);
#1350 = FACE_BOUND('',#1351,.T.);
#1351 = EDGE_LOOP('',(#1352,#1353,#1354,#1355,#1356,#1357));
#1352 = ORIENTED_EDGE('',*,*,#1223,.T.);
#1353 = ORIENTED_EDGE('',*,*,#445,.F.);
#1354 = ORIENTED_EDGE('',*,*,#1331,.F.);
#1355 = ORIENTED_EDGE('',*,*,#1096,.T.);
#1356 = ORIENTED_EDGE('',*,*,#1307,.T.);
#1357 = ORIENTED_EDGE('',*,*,#519,.F.);
#1358 = FACE_BOUND('',#1359,.T.);
#1359 = EDGE_LOOP('',(#1360));
#1360 = ORIENTED_EDGE('',*,*,#1361,.F.);
#1361 = EDGE_CURVE('',#1362,#1362,#1364,.T.);
#1362 = VERTEX_POINT('',#1363);
#1363 = CARTESIAN_POINT('',(10.,11.,0.));
#1364 = SURFACE_CURVE('',#1365,(#1370,#1377),.PCURVE_S1.);
#1365 = CIRCLE('',#1366,11.);
#1366 = AXIS2_PLACEMENT_3D('',#1367,#1368,#1369);
#1367 = CARTESIAN_POINT('',(10.,0.,0.));
#1368 = DIRECTION('',(1.,0.,0.));
#1369 = DIRECTION('',(0.,1.,0.));
#1370 = PCURVE('',#460,#1371);
#1371 = DEFINITIONAL_REPRESENTATION('',(#1372),#1376);
#1372 = CIRCLE('',#1373,11.);
#1373 = AXIS2_PLACEMENT_2D('',#1374,#1375);
#1374 = CARTESIAN_POINT('',(-1.169780044473E-16,-7.29301404021E-16));
#1375 = DIRECTION('',(0.,-1.));
#1376 = ( GEOMETRIC_REPRESENTATION_CONTEXT(2) 
PARAMETRIC_REPRESENTATION_CONTEXT() REPRESENTATION_CONTEXT('2D SPACE',''
  ) );
#1377 = PCURVE('',#1378,#1383);
#1378 = CYLINDRICAL_SURFACE('',#1379,11.);
#1379 = AXIS2_PLACEMENT_3D('',#1380,#1381,#1382);
#1380 = CARTESIAN_POINT('',(-40.,0.,0.));
#1381 = DIRECTION('',(-1.,-0.,-0.));
#1382 = DIRECTION('',(0.,1.,0.));
#1383 = DEFINITIONAL_REPRESENTATION('',(#1384),#1388);
#1384 = LINE('',#1385,#1386);
#1385 = CARTESIAN_POINT('',(-0.,-50.));
#1386 = VECTOR('',#1387,1.);
#1387 = DIRECTION('',(-1.,0.));
#1388 = ( GEOMETRIC_REPRESENTATION_CONTEXT(2) 
PARAMETRIC_REPRESENTATION_CONTEXT() REPRESENTATION_CONTEXT('2D SPACE',''
  ) );
#1389 = ADVANCED_FACE('',(#1390,#1393),#624,.F.);
#1390 = FACE_BOUND('',#1391,.F.);
#1391 = EDGE_LOOP('',(#1392));
#1392 = ORIENTED_EDGE('',*,*,#607,.T.);
#1393 = FACE_BOUND('',#1394,.F.);
#1394 = EDGE_LOOP('',(#1395));
#1395 = ORIENTED_EDGE('',*,*,#1396,.F.);
#1396 = EDGE_CURVE('',#1397,#1397,#1399,.T.);
#1397 = VERTEX_POINT('',#1398);
#1398 = CARTESIAN_POINT('',(-40.,11.,0.));
#1399 = SURFACE_CURVE('',#1400,(#1405,#1412),.PCURVE_S1.);
#1400 = CIRCLE('',#1401,11.);
#1401 = AXIS2_PLACEMENT_3D('',#1402,#1403,#1404);
#1402 = CARTESIAN_POINT('',(-40.,0.,0.));
#1403 = DIRECTION('',(1.,0.,0.));
#1404 = DIRECTION('',(0.,1.,0.));
#1405 = PCURVE('',#624,#1406);
#1406 = DEFINITIONAL_REPRESENTATION('',(#1407),#1411);
#1407 = CIRCLE('',#1408,11.);
#1408 = AXIS2_PLACEMENT_2D('',#1409,#1410);
#1409 = CARTESIAN_POINT('',(-1.169780044473E-16,-7.29301404021E-16));
#1410 = DIRECTION('',(0.,-1.));
#1411 = ( GEOMETRIC_REPRESENTATION_CONTEXT(2) 
PARAMETRIC_REPRESENTATION_CONTEXT() REPRESENTATION_CONTEXT('2D SPACE',''
  ) );
#1412 = PCURVE('',#1378,#1413);
#1413 = DEFINITIONAL_REPRESENTATION('',(#1414),#1418);
#1414 = LINE('',#1415,#1416);
#1415 = CARTESIAN_POINT('',(-0.,0.));
#1416 = VECTOR('',#1417,1.);
#1417 = DIRECTION('',(-1.,0.));
#1418 = ( GEOMETRIC_REPRESENTATION_CONTEXT(2) 
PARAMETRIC_REPRESENTATION_CONTEXT() REPRESENTATION_CONTEXT('2D SPACE',''
  ) );
#1419 = ADVANCED_FACE('',(#1420),#1378,.F.);
#1420 = FACE_BOUND('',#1421,.T.);
#1421 = EDGE_LOOP('',(#1422,#1423,#1446,#1696,#1722,#1927,#1948,#1949,
    #1950,#1971));
#1422 = ORIENTED_EDGE('',*,*,#1396,.F.);
#1423 = ORIENTED_EDGE('',*,*,#1424,.T.);
#1424 = EDGE_CURVE('',#1397,#1425,#1427,.T.);
#1425 = VERTEX_POINT('',#1426);
#1426 = CARTESIAN_POINT('',(-16.70329308849,11.,0.));
#1427 = SEAM_CURVE('',#1428,(#1432,#1439),.PCURVE_S1.);
#1428 = LINE('',#1429,#1430);
#1429 = CARTESIAN_POINT('',(-40.,11.,0.));
#1430 = VECTOR('',#1431,1.);
#1431 = DIRECTION('',(1.,0.,0.));
#1432 = PCURVE('',#1378,#1433);
#1433 = DEFINITIONAL_REPRESENTATION('',(#1434),#1438);
#1434 = LINE('',#1435,#1436);
#1435 = CARTESIAN_POINT('',(-6.28318530718,0.));
#1436 = VECTOR('',#1437,1.);
#1437 = DIRECTION('',(-0.,-1.));
#1438 = ( GEOMETRIC_REPRESENTATION_CONTEXT(2) 
PARAMETRIC_REPRESENTATION_CONTEXT() REPRESENTATION_CONTEXT('2D SPACE',''
  ) );
#1439 = PCURVE('',#1378,#1440);
#1440 = DEFINITIONAL_REPRESENTATION('',(#1441),#1445);
#1441 = LINE('',#1442,#1443);
#1442 = CARTESIAN_POINT('',(-0.,0.));
#1443 = VECTOR('',#1444,1.);
#1444 = DIRECTION('',(-0.,-1.));
#1445 = ( GEOMETRIC_REPRESENTATION_CONTEXT(2) 
PARAMETRIC_REPRESENTATION_CONTEXT() REPRESENTATION_CONTEXT('2D SPACE',''
  ) );
#1446 = ORIENTED_EDGE('',*,*,#1447,.T.);
#1447 = EDGE_CURVE('',#1425,#1448,#1450,.T.);
#1448 = VERTEX_POINT('',#1449);
#1449 = CARTESIAN_POINT('',(-16.70329308849,-11.,0.));
#1450 = SURFACE_CURVE('',#1451,(#1529,#1610),.PCURVE_S1.);
#1451 = B_SPLINE_CURVE_WITH_KNOTS('',6,(#1452,#1453,#1454,#1455,#1456,
    #1457,#1458,#1459,#1460,#1461,#1462,#1463,#1464,#1465,#1466,#1467,
    #1468,#1469,#1470,#1471,#1472,#1473,#1474,#1475,#1476,#1477,#1478,
    #1479,#1480,#1481,#1482,#1483,#1484,#1485,#1486,#1487,#1488,#1489,
    #1490,#1491,#1492,#1493,#1494,#1495,#1496,#1497,#1498,#1499,#1500,
    #1501,#1502,#1503,#1504,#1505,#1506,#1507,#1508,#1509,#1510,#1511,
    #1512,#1513,#1514,#1515,#1516,#1517,#1518,#1519,#1520,#1521,#1522,
    #1523,#1524,#1525,#1526,#1527,#1528),.UNSPECIFIED.,.F.,.F.,(7,5,5,5,
    5,5,5,5,5,5,5,5,5,5,5,7),(0.,9.565720563753E-02,0.184828482094,
    0.268207929212,0.336777152266,0.389119246442,0.431456644425,
    0.500030459921,0.568946011512,0.611006050018,0.662894258829,
    0.702955812096,0.816650715453,0.904170126878,0.983550105674,1.),
  .UNSPECIFIED.);
#1452 = CARTESIAN_POINT('',(-16.70329308849,11.,-2.694222916869E-15));
#1453 = CARTESIAN_POINT('',(-16.70329308849,11.,0.488540100172));
#1454 = CARTESIAN_POINT('',(-16.72043971078,10.973963172214,
    0.976889556932));
#1455 = CARTESIAN_POINT('',(-16.75470812493,10.92192724833,1.46361232416
    ));
#1456 = CARTESIAN_POINT('',(-16.80560439003,10.843979522135,
    1.947254831109));
#1457 = CARTESIAN_POINT('',(-16.87216368314,10.74026615481,
    2.426297165725));
#1458 = CARTESIAN_POINT('',(-17.0283897956,10.490668365502,
    3.339856131092));
#1459 = CARTESIAN_POINT('',(-17.11618346436,10.348120853762,
    3.775187204904));
#1460 = CARTESIAN_POINT('',(-17.21539396794,10.183523018378,
    4.204384767206));
#1461 = CARTESIAN_POINT('',(-17.32483308026,9.996856500421,
    4.626642448005));
#1462 = CARTESIAN_POINT('',(-17.44314894799,9.788041110277,5.04103610742
    ));
#1463 = CARTESIAN_POINT('',(-17.68637842063,9.340905509116,
    5.825624835359));
#1464 = CARTESIAN_POINT('',(-17.81038312427,9.105348272559,
    6.197002698189));
#1465 = CARTESIAN_POINT('',(-17.93975409387,8.84998717999,6.560123271646
    ));
#1466 = CARTESIAN_POINT('',(-18.07331466039,8.574368983562,
    6.914307532358));
#1467 = CARTESIAN_POINT('',(-18.20977445966,8.277933546607,
    7.258646754728));
#1468 = CARTESIAN_POINT('',(-18.4611021621,7.698630415656,7.86603826537)
  );
#1469 = CARTESIAN_POINT('',(-18.57551548031,7.422668928539,
    8.132703221789));
#1470 = CARTESIAN_POINT('',(-18.69016141736,7.131718200286,
    8.391361184783));
#1471 = CARTESIAN_POINT('',(-18.80418910253,6.825292071639,
    8.641255278024));
#1472 = CARTESIAN_POINT('',(-18.91663654849,6.502900028487,
    8.881420998534));
#1473 = CARTESIAN_POINT('',(-19.11019688139,5.905445684592,
    9.285646154252));
#1474 = CARTESIAN_POINT('',(-19.19244701459,5.63717858181,9.454306441272
    ));
#1475 = CARTESIAN_POINT('',(-19.27263942251,5.359149354824,
    9.616043509225));
#1476 = CARTESIAN_POINT('',(-19.35021429271,5.071258623471,
    9.770195401667));
#1477 = CARTESIAN_POINT('',(-19.42457152695,4.773439189105,
    9.916032563799));
#1478 = CARTESIAN_POINT('',(-19.55210061566,4.216703814321,
    10.163346726213));
#1479 = CARTESIAN_POINT('',(-19.60661419842,3.961193422215,
    10.267991890953));
#1480 = CARTESIAN_POINT('',(-19.65822535527,3.699324654741,
    10.366166944035));
#1481 = CARTESIAN_POINT('',(-19.70654964195,3.431321185482,
    10.45736321038));
#1482 = CARTESIAN_POINT('',(-19.75121266675,3.157431264131,
    10.541085826433));
#1483 = CARTESIAN_POINT('',(-19.85768379708,2.425216513845,
    10.739568515235));
#1484 = CARTESIAN_POINT('',(-19.91308278331,1.956968115016,
    10.841630552702));
#1485 = CARTESIAN_POINT('',(-19.95610651663,1.476636322966,
    10.920193679787));
#1486 = CARTESIAN_POINT('',(-19.98533472104,0.987860427734,
    10.973335852325));
#1487 = CARTESIAN_POINT('',(-20.,0.494389265869,11.));
#1488 = CARTESIAN_POINT('',(-20.,-0.49685304385,11.));
#1489 = CARTESIAN_POINT('',(-19.98518818788,-0.992761297005,
    10.973069428205));
#1490 = CARTESIAN_POINT('',(-19.95567041629,-1.483900586268,
    10.919400770582));
#1491 = CARTESIAN_POINT('',(-19.91222897963,-1.966476242558,
    10.840071390438));
#1492 = CARTESIAN_POINT('',(-19.85630986242,-2.436806156114,
    10.737037206218));
#1493 = CARTESIAN_POINT('',(-19.74935589235,-3.168842043108,
    10.53760542657));
#1494 = CARTESIAN_POINT('',(-19.70486411816,-3.44073324377,
    10.454183625539));
#1495 = CARTESIAN_POINT('',(-19.65676896332,-3.706806825198,
    10.363399483404));
#1496 = CARTESIAN_POINT('',(-19.6054374579,-3.966821485828,
    10.265738050018));
#1497 = CARTESIAN_POINT('',(-19.5512461962,-4.220559836694,
    10.161697481751));
#1498 = CARTESIAN_POINT('',(-19.42466463903,-4.772876011448,
    9.916203544939));
#1499 = CARTESIAN_POINT('',(-19.35096761145,-5.068134132799,
    9.771663495381));
#1500 = CARTESIAN_POINT('',(-19.27410594462,-5.353635650047,
    9.61894914095));
#1501 = CARTESIAN_POINT('',(-19.1946645505,-5.629445292838,
    9.458771796497));
#1502 = CARTESIAN_POINT('',(-19.11318949597,-5.895658966807,
    9.291777607142));
#1503 = CARTESIAN_POINT('',(-18.96609908188,-6.350628787261,
    8.984803572028));
#1504 = CARTESIAN_POINT('',(-18.90109038669,-6.543244351709,
    8.847318177663));
#1505 = CARTESIAN_POINT('',(-18.83537813696,-6.730340614087,
    8.706333818961));
#1506 = CARTESIAN_POINT('',(-18.76916675719,-6.912011535283,
    8.562064232662));
#1507 = CARTESIAN_POINT('',(-18.70264571655,-7.088354293367,
    8.414695850802));
#1508 = CARTESIAN_POINT('',(-18.44681891023,-7.74509454497,
    7.837812747204));
#1509 = CARTESIAN_POINT('',(-18.25645770826,-8.188878129713,
    7.387327314253));
#1510 = CARTESIAN_POINT('',(-18.06904043079,-8.592659370602,
    6.916822201298));
#1511 = CARTESIAN_POINT('',(-17.88800243045,-8.958146573032,
    6.428955180489));
#1512 = CARTESIAN_POINT('',(-17.71632380636,-9.286702345729,
    5.925455626852));
#1513 = CARTESIAN_POINT('',(-17.43395543557,-9.804231393533,
    5.008665516383));
#1514 = CARTESIAN_POINT('',(-17.31834119455,-10.00789376151,
    4.601350346844));
#1515 = CARTESIAN_POINT('',(-17.21134114541,-10.19021282164,
    4.186490287594));
#1516 = CARTESIAN_POINT('',(-17.11423131662,-10.35126019727,
    3.764960049918));
#1517 = CARTESIAN_POINT('',(-17.02813491043,-10.49105094444,
    3.337525516518));
#1518 = CARTESIAN_POINT('',(-16.88676739246,-10.71695628612,
    2.512446258676));
#1519 = CARTESIAN_POINT('',(-16.82938209091,-10.80684007754,
    2.115777581579));
#1520 = CARTESIAN_POINT('',(-16.78262226452,-10.87901186911,
    1.715756439682));
#1521 = CARTESIAN_POINT('',(-16.7470724575,-10.93337552013,
    1.313241457683));
#1522 = CARTESIAN_POINT('',(-16.72311121042,-10.96986991033,
    0.90905516876));
#1523 = CARTESIAN_POINT('',(-16.70836304017,-10.99229847436,
    0.420042186867));
#1524 = CARTESIAN_POINT('',(-16.70633595104,-10.99537888985,
    0.336066657773));
#1525 = CARTESIAN_POINT('',(-16.70481474136,-10.99768939889,
    0.252066360989));
#1526 = CARTESIAN_POINT('',(-16.70380030374,-10.99922980369,
    0.168049508328));
#1527 = CARTESIAN_POINT('',(-16.70329308547,-11.00000000458,
    8.402439507666E-02));
#1528 = CARTESIAN_POINT('',(-16.70329308849,-11.,-5.999999983914E-07));
#1529 = PCURVE('',#1378,#1530);
#1530 = DEFINITIONAL_REPRESENTATION('',(#1531),#1609);
#1531 = B_SPLINE_CURVE_WITH_KNOTS('',6,(#1532,#1533,#1534,#1535,#1536,
    #1537,#1538,#1539,#1540,#1541,#1542,#1543,#1544,#1545,#1546,#1547,
    #1548,#1549,#1550,#1551,#1552,#1553,#1554,#1555,#1556,#1557,#1558,
    #1559,#1560,#1561,#1562,#1563,#1564,#1565,#1566,#1567,#1568,#1569,
    #1570,#1571,#1572,#1573,#1574,#1575,#1576,#1577,#1578,#1579,#1580,
    #1581,#1582,#1583,#1584,#1585,#1586,#1587,#1588,#1589,#1590,#1591,
    #1592,#1593,#1594,#1595,#1596,#1597,#1598,#1599,#1600,#1601,#1602,
    #1603,#1604,#1605,#1606,#1607,#1608),.UNSPECIFIED.,.F.,.F.,(7,5,5,5,
    5,5,5,5,5,5,5,5,5,5,5,7),(0.,9.565720563753E-02,0.184828482094,
    0.268207929212,0.336777152266,0.389119246442,0.431456644425,
    0.500030459921,0.568946011512,0.611006050018,0.662894258829,
    0.702955812096,0.816650715453,0.904170126878,0.983550105674,1.),
  .UNSPECIFIED.);
#1532 = CARTESIAN_POINT('',(0.,-23.29670691151));
#1533 = CARTESIAN_POINT('',(-4.441273637927E-02,-23.29670691151));
#1534 = CARTESIAN_POINT('',(-8.880813482501E-02,-23.27956028922));
#1535 = CARTESIAN_POINT('',(-0.133213377915,-23.24529187506));
#1536 = CARTESIAN_POINT('',(-0.177653240657,-23.19439560996));
#1537 = CARTESIAN_POINT('',(-0.222147749753,-23.12783631685));
#1538 = CARTESIAN_POINT('',(-0.308242500538,-22.97161020439));
#1539 = CARTESIAN_POINT('',(-0.349834218853,-22.88381653563));
#1540 = CARTESIAN_POINT('',(-0.391545323713,-22.78460603205));
#1541 = CARTESIAN_POINT('',(-0.433436372942,-22.67516691974));
#1542 = CARTESIAN_POINT('',(-0.475565786117,-22.556851052));
#1543 = CARTESIAN_POINT('',(-0.557661764911,-22.31362157936));
#1544 = CARTESIAN_POINT('',(-0.597597335087,-22.18961687572));
#1545 = CARTESIAN_POINT('',(-0.637884655366,-22.06024590613));
#1546 = CARTESIAN_POINT('',(-0.678610059105,-21.9266853396));
#1547 = CARTESIAN_POINT('',(-0.719861993946,-21.79022554033));
#1548 = CARTESIAN_POINT('',(-0.796166980337,-21.53889783789));
#1549 = CARTESIAN_POINT('',(-0.831024392713,-21.42448451968));
#1550 = CARTESIAN_POINT('',(-0.866369128174,-21.30983858263));
#1551 = CARTESIAN_POINT('',(-0.902264196196,-21.19581089746));
#1552 = CARTESIAN_POINT('',(-0.938773355861,-21.0833634515));
#1553 = CARTESIAN_POINT('',(-1.004350871003,-20.8898031186));
#1554 = CARTESIAN_POINT('',(-1.03314198293,-20.8075529854));
#1555 = CARTESIAN_POINT('',(-1.06235665865,-20.72736057749));
#1556 = CARTESIAN_POINT('',(-1.092015602839,-20.64978570728));
#1557 = CARTESIAN_POINT('',(-1.122140941885,-20.57542847304));
#1558 = CARTESIAN_POINT('',(-1.177522307345,-20.44789938433));
#1559 = CARTESIAN_POINT('',(-1.202612330373,-20.39338580157));
#1560 = CARTESIAN_POINT('',(-1.228019171573,-20.34177464473));
#1561 = CARTESIAN_POINT('',(-1.25373638082,-20.29345035805));
#1562 = CARTESIAN_POINT('',(-1.279759492899,-20.24878733324));
#1563 = CARTESIAN_POINT('',(-1.348726715818,-20.14231620291));
#1564 = CARTESIAN_POINT('',(-1.392239529862,-20.08691721668));
#1565 = CARTESIAN_POINT('',(-1.436393230924,-20.04389348336));
#1566 = CARTESIAN_POINT('',(-1.480990835907,-20.01466527895));
#1567 = CARTESIAN_POINT('',(-1.52585184808,-20.));
#1568 = CARTESIAN_POINT('',(-1.615964785327,-20.));
#1569 = CARTESIAN_POINT('',(-1.661047351167,-20.01481181212));
#1570 = CARTESIAN_POINT('',(-1.705862265987,-20.0443295837));
#1571 = CARTESIAN_POINT('',(-1.750227199854,-20.08777102036));
#1572 = CARTESIAN_POINT('',(-1.793943014642,-20.14369013757));
#1573 = CARTESIAN_POINT('',(-1.862917172851,-20.25064410765));
#1574 = CARTESIAN_POINT('',(-1.888758818657,-20.29513588183));
#1575 = CARTESIAN_POINT('',(-1.914298262225,-20.34323103667));
#1576 = CARTESIAN_POINT('',(-1.939531242743,-20.39456254209));
#1577 = CARTESIAN_POINT('',(-1.964451573879,-20.44875380379));
#1578 = CARTESIAN_POINT('',(-2.019398612986,-20.57533536097));
#1579 = CARTESIAN_POINT('',(-2.049263523969,-20.64903238854));
#1580 = CARTESIAN_POINT('',(-2.078670031556,-20.72589405537));
#1581 = CARTESIAN_POINT('',(-2.107639650888,-20.80533544949));
#1582 = CARTESIAN_POINT('',(-2.136192517642,-20.88681050402));
#1583 = CARTESIAN_POINT('',(-2.186087497909,-21.03390091812));
#1584 = CARTESIAN_POINT('',(-2.207593696141,-21.0989096133));
#1585 = CARTESIAN_POINT('',(-2.228880194266,-21.16462186303));
#1586 = CARTESIAN_POINT('',(-2.249959892551,-21.2308332428));
#1587 = CARTESIAN_POINT('',(-2.270845766846,-21.29735428344));
#1588 = CARTESIAN_POINT('',(-2.350312058535,-21.55318108976));
#1589 = CARTESIAN_POINT('',(-2.407650311478,-21.74354229173));
#1590 = CARTESIAN_POINT('',(-2.463821235522,-21.9309595692));
#1591 = CARTESIAN_POINT('',(-2.519062749483,-22.11199756954));
#1592 = CARTESIAN_POINT('',(-2.573605678813,-22.28367619363));
#1593 = CARTESIAN_POINT('',(-2.669312722431,-22.56604456442));
#1594 = CARTESIAN_POINT('',(-2.710659940212,-22.68165880544));
#1595 = CARTESIAN_POINT('',(-2.751780514517,-22.78865885458));
#1596 = CARTESIAN_POINT('',(-2.792729426802,-22.88576868337));
#1597 = CARTESIAN_POINT('',(-2.833563696542,-22.97186508956));
#1598 = CARTESIAN_POINT('',(-2.911331575628,-23.11323260754));
#1599 = CARTESIAN_POINT('',(-2.948270083992,-23.17061790908));
#1600 = CARTESIAN_POINT('',(-2.985168477785,-23.21737773547));
#1601 = CARTESIAN_POINT('',(-3.022038873617,-23.25292754249));
#1602 = CARTESIAN_POINT('',(-3.058896518183,-23.27688878957));
#1603 = CARTESIAN_POINT('',(-3.10339897767,-23.29163695982));
#1604 = CARTESIAN_POINT('',(-3.111037930169,-23.29366404895));
#1605 = CARTESIAN_POINT('',(-3.118676727603,-23.29518525863));
#1606 = CARTESIAN_POINT('',(-3.126315425581,-23.29619969625));
#1607 = CARTESIAN_POINT('',(-3.133954072219,-23.29670691452));
#1608 = CARTESIAN_POINT('',(-3.141592708135,-23.29670691151));
#1609 = ( GEOMETRIC_REPRESENTATION_CONTEXT(2) 
PARAMETRIC_REPRESENTATION_CONTEXT() REPRESENTATION_CONTEXT('2D SPACE',''
  ) );
#1610 = PCURVE('',#1611,#1616);
#1611 = CYLINDRICAL_SURFACE('',#1612,20.);
#1612 = AXIS2_PLACEMENT_3D('',#1613,#1614,#1615);
#1613 = CARTESIAN_POINT('',(0.,0.,0.));
#1614 = DIRECTION('',(-0.,-0.,-1.));
#1615 = DIRECTION('',(1.,0.,0.));
#1616 = DEFINITIONAL_REPRESENTATION('',(#1617),#1695);
#1617 = B_SPLINE_CURVE_WITH_KNOTS('',6,(#1618,#1619,#1620,#1621,#1622,
    #1623,#1624,#1625,#1626,#1627,#1628,#1629,#1630,#1631,#1632,#1633,
    #1634,#1635,#1636,#1637,#1638,#1639,#1640,#1641,#1642,#1643,#1644,
    #1645,#1646,#1647,#1648,#1649,#1650,#1651,#1652,#1653,#1654,#1655,
    #1656,#1657,#1658,#1659,#1660,#1661,#1662,#1663,#1664,#1665,#1666,
    #1667,#1668,#1669,#1670,#1671,#1672,#1673,#1674,#1675,#1676,#1677,
    #1678,#1679,#1680,#1681,#1682,#1683,#1684,#1685,#1686,#1687,#1688,
    #1689,#1690,#1691,#1692,#1693,#1694),.UNSPECIFIED.,.F.,.F.,(7,5,5,5,
    5,5,5,5,5,5,5,5,5,5,5,7),(0.,9.565720563753E-02,0.184828482094,
    0.268207929212,0.336777152266,0.389119246442,0.431456644425,
    0.500030459921,0.568946011512,0.611006050018,0.662894258829,
    0.702955812096,0.816650715453,0.904170126878,0.983550105674,1.),
  .UNSPECIFIED.);
#1618 = CARTESIAN_POINT('',(-2.559228415721,3.552713678801E-15));
#1619 = CARTESIAN_POINT('',(-2.559228415721,-0.488540100172));
#1620 = CARTESIAN_POINT('',(-2.56078719829,-0.976889556932));
#1621 = CARTESIAN_POINT('',(-2.563902514696,-1.46361232416));
#1622 = CARTESIAN_POINT('',(-2.568557104826,-1.947254831109));
#1623 = CARTESIAN_POINT('',(-2.574718405753,-2.426297165725));
#1624 = CARTESIAN_POINT('',(-2.589441317714,-3.339856131092));
#1625 = CARTESIAN_POINT('',(-2.597811803561,-3.775187204904));
#1626 = CARTESIAN_POINT('',(-2.607420370812,-4.204384767206));
#1627 = CARTESIAN_POINT('',(-2.618238006277,-4.626642448005));
#1628 = CARTESIAN_POINT('',(-2.630236477634,-5.04103610742));
#1629 = CARTESIAN_POINT('',(-2.655686960055,-5.825624835359));
#1630 = CARTESIAN_POINT('',(-2.668995891238,-6.197002698189));
#1631 = CARTESIAN_POINT('',(-2.683306261203,-6.560123271646));
#1632 = CARTESIAN_POINT('',(-2.69861584396,-6.914307532358));
#1633 = CARTESIAN_POINT('',(-2.714928686578,-7.258646754728));
#1634 = CARTESIAN_POINT('',(-2.746502320022,-7.86603826537));
#1635 = CARTESIAN_POINT('',(-2.761437288276,-8.132703221789));
#1636 = CARTESIAN_POINT('',(-2.777069667499,-8.391361184783));
#1637 = CARTESIAN_POINT('',(-2.793412467615,-8.641255278024));
#1638 = CARTESIAN_POINT('',(-2.810480217981,-8.881420998534));
#1639 = CARTESIAN_POINT('',(-2.841881543411,-9.285646154252));
#1640 = CARTESIAN_POINT('',(-2.855909430803,-9.454306441272));
#1641 = CARTESIAN_POINT('',(-2.870374476767,-9.616043509225));
#1642 = CARTESIAN_POINT('',(-2.885278743245,-9.770195401667));
#1643 = CARTESIAN_POINT('',(-2.900623908198,-9.916032563799));
#1644 = CARTESIAN_POINT('',(-2.929181654345,-10.16334672621));
#1645 = CARTESIAN_POINT('',(-2.942243237843,-10.26799189095));
#1646 = CARTESIAN_POINT('',(-2.95558605484,-10.36616694403));
#1647 = CARTESIAN_POINT('',(-2.969199526972,-10.45736321038));
#1648 = CARTESIAN_POINT('',(-2.9830728423,-10.54108582643));
#1649 = CARTESIAN_POINT('',(-3.020068603615,-10.73956851523));
#1650 = CARTESIAN_POINT('',(-3.043635954542,-10.8416305527));
#1651 = CARTESIAN_POINT('',(-3.067733666911,-10.92019367978));
#1652 = CARTESIAN_POINT('',(-3.092199627461,-10.97333585232));
#1653 = CARTESIAN_POINT('',(-3.116873190296,-11.));
#1654 = CARTESIAN_POINT('',(-3.166435305782,-11.));
#1655 = CARTESIAN_POINT('',(-3.191230723321,-10.9730694282));
#1656 = CARTESIAN_POINT('',(-3.215815261478,-10.91940077058));
#1657 = CARTESIAN_POINT('',(-3.240026374364,-10.84007139043));
#1658 = CARTESIAN_POINT('',(-3.263700034811,-10.73703720621));
#1659 = CARTESIAN_POINT('',(-3.300690428549,-10.53760542657));
#1660 = CARTESIAN_POINT('',(-3.314463779562,-10.45418362553));
#1661 = CARTESIAN_POINT('',(-3.327980316672,-10.3633994834));
#1662 = CARTESIAN_POINT('',(-3.341229526827,-10.26573805001));
#1663 = CARTESIAN_POINT('',(-3.35420112522,-10.16169748175));
#1664 = CARTESIAN_POINT('',(-3.382532911587,-9.916203544939));
#1665 = CARTESIAN_POINT('',(-3.397745906227,-9.771663495381));
#1666 = CARTESIAN_POINT('',(-3.412525641255,-9.61894914095));
#1667 = CARTESIAN_POINT('',(-3.426873722682,-9.458771796497));
#1668 = CARTESIAN_POINT('',(-3.44079212924,-9.291777607142));
#1669 = CARTESIAN_POINT('',(-3.46469992752,-8.984803572028));
#1670 = CARTESIAN_POINT('',(-3.474863617937,-8.847318177663));
#1671 = CARTESIAN_POINT('',(-3.484777546698,-8.706333818961));
#1672 = CARTESIAN_POINT('',(-3.494444616465,-8.562064232662));
#1673 = CARTESIAN_POINT('',(-3.503867706028,-8.414695850802));
#1674 = CARTESIAN_POINT('',(-3.539108134264,-7.837812747204));
#1675 = CARTESIAN_POINT('',(-3.563238915527,-7.387327314253));
#1676 = CARTESIAN_POINT('',(-3.58548397465,-6.916822201298));
#1677 = CARTESIAN_POINT('',(-3.605869972291,-6.428955180489));
#1678 = CARTESIAN_POINT('',(-3.624402148842,-5.925455626852));
#1679 = CARTESIAN_POINT('',(-3.653879606845,-5.008665516383));
#1680 = CARTESIAN_POINT('',(-3.665587455832,-4.601350346844));
#1681 = CARTESIAN_POINT('',(-3.676155991784,-4.186490287594));
#1682 = CARTESIAN_POINT('',(-3.685558336824,-3.764960049918));
#1683 = CARTESIAN_POINT('',(-3.693766965627,-3.337525516518));
#1684 = CARTESIAN_POINT('',(-3.707091566797,-2.512446258676));
#1685 = CARTESIAN_POINT('',(-3.712423374764,-2.115777581578));
#1686 = CARTESIAN_POINT('',(-3.716723062754,-1.715756439682));
#1687 = CARTESIAN_POINT('',(-3.719970844215,-1.313241457683));
#1688 = CARTESIAN_POINT('',(-3.722153713488,-0.90905516876));
#1689 = CARTESIAN_POINT('',(-3.723495865688,-0.420042186867));
#1690 = CARTESIAN_POINT('',(-3.723680243352,-0.336066657773));
#1691 = CARTESIAN_POINT('',(-3.723818559384,-0.252066360989));
#1692 = CARTESIAN_POINT('',(-3.723910780998,-0.168049508328));
#1693 = CARTESIAN_POINT('',(-3.723956891733,-8.402439507665E-02));
#1694 = CARTESIAN_POINT('',(-3.723956891459,5.999999999062E-07));
#1695 = ( GEOMETRIC_REPRESENTATION_CONTEXT(2) 
PARAMETRIC_REPRESENTATION_CONTEXT() REPRESENTATION_CONTEXT('2D SPACE',''
  ) );
#1696 = ORIENTED_EDGE('',*,*,#1697,.F.);
#1697 = EDGE_CURVE('',#1698,#1448,#1700,.T.);
#1698 = VERTEX_POINT('',#1699);
#1699 = CARTESIAN_POINT('',(-11.61895003862,-11.,0.));
#1700 = SURFACE_CURVE('',#1701,(#1705,#1711),.PCURVE_S1.);
#1701 = LINE('',#1702,#1703);
#1702 = CARTESIAN_POINT('',(-40.,-11.,0.));
#1703 = VECTOR('',#1704,1.);
#1704 = DIRECTION('',(-1.,-0.,-0.));
#1705 = PCURVE('',#1378,#1706);
#1706 = DEFINITIONAL_REPRESENTATION('',(#1707),#1710);
#1707 = B_SPLINE_CURVE_WITH_KNOTS('',1,(#1708,#1709),.UNSPECIFIED.,.F.,
  .F.,(2,2),(-50.0000006,-16.),.PIECEWISE_BEZIER_KNOTS.);
#1708 = CARTESIAN_POINT('',(-3.14159265359,-50.0000006));
#1709 = CARTESIAN_POINT('',(-3.14159265359,-16.));
#1710 = ( GEOMETRIC_REPRESENTATION_CONTEXT(2) 
PARAMETRIC_REPRESENTATION_CONTEXT() REPRESENTATION_CONTEXT('2D SPACE',''
  ) );
#1711 = PCURVE('',#1712,#1717);
#1712 = PLANE('',#1713);
#1713 = AXIS2_PLACEMENT_3D('',#1714,#1715,#1716);
#1714 = CARTESIAN_POINT('',(-1.093952106032E-15,2.775209066E-16,0.));
#1715 = DIRECTION('',(0.,0.,1.));
#1716 = DIRECTION('',(1.,0.,-0.));
#1717 = DEFINITIONAL_REPRESENTATION('',(#1718),#1721);
#1718 = B_SPLINE_CURVE_WITH_KNOTS('',1,(#1719,#1720),.UNSPECIFIED.,.F.,
  .F.,(2,2),(-50.0000006,-16.),.PIECEWISE_BEZIER_KNOTS.);
#1719 = CARTESIAN_POINT('',(10.0000006,-11.));
#1720 = CARTESIAN_POINT('',(-24.,-11.));
#1721 = ( GEOMETRIC_REPRESENTATION_CONTEXT(2) 
PARAMETRIC_REPRESENTATION_CONTEXT() REPRESENTATION_CONTEXT('2D SPACE',''
  ) );
#1722 = ORIENTED_EDGE('',*,*,#1723,.F.);
#1723 = EDGE_CURVE('',#1724,#1698,#1726,.T.);
#1724 = VERTEX_POINT('',#1725);
#1725 = CARTESIAN_POINT('',(-11.61895003862,11.,0.));
#1726 = SURFACE_CURVE('',#1727,(#1790,#1856),.PCURVE_S1.);
#1727 = B_SPLINE_CURVE_WITH_KNOTS('',7,(#1728,#1729,#1730,#1731,#1732,
    #1733,#1734,#1735,#1736,#1737,#1738,#1739,#1740,#1741,#1742,#1743,
    #1744,#1745,#1746,#1747,#1748,#1749,#1750,#1751,#1752,#1753,#1754,
    #1755,#1756,#1757,#1758,#1759,#1760,#1761,#1762,#1763,#1764,#1765,
    #1766,#1767,#1768,#1769,#1770,#1771,#1772,#1773,#1774,#1775,#1776,
    #1777,#1778,#1779,#1780,#1781,#1782,#1783,#1784,#1785,#1786,#1787,
    #1788,#1789),.UNSPECIFIED.,.F.,.F.,(8,6,6,6,6,6,6,6,6,6,8),(0.,
    0.100779241618,0.211859445754,0.348227779904,0.397224079345,
    0.457349924798,0.543703966002,0.60371271621,0.788730937971,
    0.984060871629,1.),.UNSPECIFIED.);
#1728 = CARTESIAN_POINT('',(-11.61895003862,11.,-2.694222916869E-15));
#1729 = CARTESIAN_POINT('',(-11.61895003862,11.,0.451105848054));
#1730 = CARTESIAN_POINT('',(-11.63938296775,10.978417282422,
    0.901521003502));
#1731 = CARTESIAN_POINT('',(-11.68013775275,10.935369510186,
    1.350066788729));
#1732 = CARTESIAN_POINT('',(-11.74055192688,10.871049818943,
    1.79551525087));
#1733 = CARTESIAN_POINT('',(-11.81941013223,10.785745964266,
    2.23652718096));
#1734 = CARTESIAN_POINT('',(-11.91498564974,10.679934197004,
    2.671592419302));
#1735 = CARTESIAN_POINT('',(-12.14652194811,10.416135184961,
    3.570036328524));
#1736 = CARTESIAN_POINT('',(-12.28571878876,10.253798785121,
    4.032178781017));
#1737 = CARTESIAN_POINT('',(-12.4404296957,10.067860507075,
    4.485156770588));
#1738 = CARTESIAN_POINT('',(-12.60830417157,9.858506147882,
    4.928582992991));
#1739 = CARTESIAN_POINT('',(-12.78698586636,9.625756403354,
    5.361912054145));
#1740 = CARTESIAN_POINT('',(-12.97413663636,9.369500685194,
    5.784430165937));
#1741 = CARTESIAN_POINT('',(-13.4047184982,8.745741559222,6.699591978629
    ));
#1742 = CARTESIAN_POINT('',(-13.65120751142,8.366273576788,
    7.186183429273));
#1743 = CARTESIAN_POINT('',(-13.90331977593,7.949580468479,7.65498386682
    ));
#1744 = CARTESIAN_POINT('',(-14.15754900968,7.493382275017,
    8.104905442707));
#1745 = CARTESIAN_POINT('',(-14.40992298415,6.994910349148,
    8.533569007897));
#1746 = CARTESIAN_POINT('',(-14.65557542165,6.451228987597,
    8.937021150593));
#1747 = CARTESIAN_POINT('',(-14.97208304088,5.647027041842,
    9.443207780977));
#1748 = CARTESIAN_POINT('',(-15.05412702027,5.428174544729,
    9.573053430946));
#1749 = CARTESIAN_POINT('',(-15.13425675938,5.202935076522,
    9.698648620465));
#1750 = CARTESIAN_POINT('',(-15.21215348408,4.971216681027,
    9.819663961361));
#1751 = CARTESIAN_POINT('',(-15.28747766227,4.732939809146,
    9.935739360365));
#1752 = CARTESIAN_POINT('',(-15.35986932263,4.488037428375,
    10.046483806654));
#1753 = CARTESIAN_POINT('',(-15.51371878234,3.927725729787,
    10.280315376342));
#1754 = CARTESIAN_POINT('',(-15.59360403162,3.608560990945,
    10.40064862372));
#1755 = CARTESIAN_POINT('',(-15.6676994843,3.279470702996,10.51138315462
    ));
#1756 = CARTESIAN_POINT('',(-15.73514014909,2.941013117606,
    10.611499055638));
#1757 = CARTESIAN_POINT('',(-15.79510977124,2.593794858451,
    10.700042477657));
#1758 = CARTESIAN_POINT('',(-15.84684992344,2.238470828778,
    10.776119866624));
#1759 = CARTESIAN_POINT('',(-15.95116692034,1.354788163842,
    10.929047170638));
#1760 = CARTESIAN_POINT('',(-15.99422226075,0.81890826968,10.99169791853
    ));
#1761 = CARTESIAN_POINT('',(-16.01638557177,0.273980058928,
    11.023774894904));
#1762 = CARTESIAN_POINT('',(-16.01638558699,-0.273980025521,
    11.023774917376));
#1763 = CARTESIAN_POINT('',(-15.99422226863,-0.818908498032,
    10.991697930351));
#1764 = CARTESIAN_POINT('',(-15.95116686788,-1.354788608181,
    10.929047093742));
#1765 = CARTESIAN_POINT('',(-15.84693335035,-2.237764108763,
    10.776242169336));
#1766 = CARTESIAN_POINT('',(-15.79530957691,-2.592425286627,
    10.700336272344));
#1767 = CARTESIAN_POINT('',(-15.73548448493,-2.939022768287,
    10.612007493699));
#1768 = CARTESIAN_POINT('',(-15.66821219474,-3.276899444298,
    10.512144319822));
#1769 = CARTESIAN_POINT('',(-15.59430517535,-3.605446106818,
    10.401696468648));
#1770 = CARTESIAN_POINT('',(-15.5146251815,-3.924101576403,
    10.281680625073));
#1771 = CARTESIAN_POINT('',(-15.16938764254,-5.18274920223,
    9.757013712926));
#1772 = CARTESIAN_POINT('',(-14.86166623515,-6.036901268283,
    9.279136528694));
#1773 = CARTESIAN_POINT('',(-14.52722621674,-6.799366947653,
    8.742099224393));
#1774 = CARTESIAN_POINT('',(-14.18128168856,-7.477706090536,
    8.160497003136));
#1775 = CARTESIAN_POINT('',(-13.83481453009,-8.079789298845,
    7.542950586171));
#1776 = CARTESIAN_POINT('',(-13.49614322481,-8.612592135687,
    6.892733736261));
#1777 = CARTESIAN_POINT('',(-12.83347764541,-9.573998170792,
    5.486687312932));
#1778 = CARTESIAN_POINT('',(-12.50900358505,-9.998548810987,
    4.72200564035));
#1779 = CARTESIAN_POINT('',(-12.21586056544,-10.34973764283,
    3.923125512057));
#1780 = CARTESIAN_POINT('',(-11.96942435503,-10.6257006324,
    3.097567207662));
#1781 = CARTESIAN_POINT('',(-11.78336336432,-10.82567271653,
    2.250654845075));
#1782 = CARTESIAN_POINT('',(-11.66807354107,-10.9480205224,
    1.385440296757));
#1783 = CARTESIAN_POINT('',(-11.62675833932,-10.99174740966,
    0.432057124394));
#1784 = CARTESIAN_POINT('',(-11.6241578277,-10.99449753174,
    0.360094438837));
#1785 = CARTESIAN_POINT('',(-11.62207561543,-10.99669822299,
    0.288103637754));
#1786 = CARTESIAN_POINT('',(-11.62051305269,-10.99834903902,
    0.216091670836));
#1787 = CARTESIAN_POINT('',(-11.61947104133,-10.99944968267,
    0.144065562977));
#1788 = CARTESIAN_POINT('',(-11.6189500349,-11.00000000392,
    7.203241426752E-02));
#1789 = CARTESIAN_POINT('',(-11.61895003862,-11.,-6.000000032764E-07));
#1790 = PCURVE('',#1378,#1791);
#1791 = DEFINITIONAL_REPRESENTATION('',(#1792),#1855);
#1792 = B_SPLINE_CURVE_WITH_KNOTS('',7,(#1793,#1794,#1795,#1796,#1797,
    #1798,#1799,#1800,#1801,#1802,#1803,#1804,#1805,#1806,#1807,#1808,
    #1809,#1810,#1811,#1812,#1813,#1814,#1815,#1816,#1817,#1818,#1819,
    #1820,#1821,#1822,#1823,#1824,#1825,#1826,#1827,#1828,#1829,#1830,
    #1831,#1832,#1833,#1834,#1835,#1836,#1837,#1838,#1839,#1840,#1841,
    #1842,#1843,#1844,#1845,#1846,#1847,#1848,#1849,#1850,#1851,#1852,
    #1853,#1854),.UNSPECIFIED.,.F.,.F.,(8,6,6,6,6,6,6,6,6,6,8),(0.,
    0.100779241618,0.211859445754,0.348227779904,0.397224079345,
    0.457349924798,0.543703966002,0.60371271621,0.788730937971,
    0.984060871629,1.),.UNSPECIFIED.);
#1793 = CARTESIAN_POINT('',(0.,-28.38104996137));
#1794 = CARTESIAN_POINT('',(-4.100962255034E-02,-28.38104996137));
#1795 = CARTESIAN_POINT('',(-8.195642187124E-02,-28.36061703225));
#1796 = CARTESIAN_POINT('',(-0.122846075151,-28.31986224724));
#1797 = CARTESIAN_POINT('',(-0.163677636639,-28.25944807311));
#1798 = CARTESIAN_POINT('',(-0.204439012166,-28.18058986776));
#1799 = CARTESIAN_POINT('',(-0.245098330912,-28.08501435025));
#1800 = CARTESIAN_POINT('',(-0.330223002574,-27.85347805188));
#1801 = CARTESIAN_POINT('',(-0.374691907334,-27.71428121123));
#1802 = CARTESIAN_POINT('',(-0.419111001587,-27.55957030429));
#1803 = CARTESIAN_POINT('',(-0.463582513039,-27.39169582842));
#1804 = CARTESIAN_POINT('',(-0.508201696064,-27.21301413363));
#1805 = CARTESIAN_POINT('',(-0.553061583914,-27.02586336363));
#1806 = CARTESIAN_POINT('',(-0.653745057762,-26.59528150179));
#1807 = CARTESIAN_POINT('',(-0.709726769381,-26.34879248857));
#1808 = CARTESIAN_POINT('',(-0.766556309226,-26.09668022406));
#1809 = CARTESIAN_POINT('',(-0.824571994143,-25.84245099031));
#1810 = CARTESIAN_POINT('',(-0.88410038709,-25.59007701584));
#1811 = CARTESIAN_POINT('',(-0.945467639531,-25.34442457834));
#1812 = CARTESIAN_POINT('',(-1.03185355409,-25.02791695912));
#1813 = CARTESIAN_POINT('',(-1.054979423143,-24.94587297972));
#1814 = CARTESIAN_POINT('',(-1.078410315803,-24.86574324061));
#1815 = CARTESIAN_POINT('',(-1.102159014496,-24.78784651591));
#1816 = CARTESIAN_POINT('',(-1.126238492191,-24.71252233772));
#1817 = CARTESIAN_POINT('',(-1.150662335297,-24.64013067736));
#1818 = CARTESIAN_POINT('',(-1.20585743648,-24.48628121765));
#1819 = CARTESIAN_POINT('',(-1.236847334196,-24.40639596837));
#1820 = CARTESIAN_POINT('',(-1.268379863948,-24.33230051569));
#1821 = CARTESIAN_POINT('',(-1.300426211223,-24.2648598509));
#1822 = CARTESIAN_POINT('',(-1.332962980649,-24.20489022875));
#1823 = CARTESIAN_POINT('',(-1.365971433886,-24.15315007655));
#1824 = CARTESIAN_POINT('',(-1.447500306864,-24.04883307965));
#1825 = CARTESIAN_POINT('',(-1.496474361293,-24.00577773924));
#1826 = CARTESIAN_POINT('',(-1.545966359539,-23.98361442823));
#1827 = CARTESIAN_POINT('',(-1.595626291212,-23.983614413));
#1828 = CARTESIAN_POINT('',(-1.64511831253,-24.00577773136));
#1829 = CARTESIAN_POINT('',(-1.69409238772,-24.04883313211));
#1830 = CARTESIAN_POINT('',(-1.775556017467,-24.15306664964));
#1831 = CARTESIAN_POINT('',(-1.808502434909,-24.20469042309));
#1832 = CARTESIAN_POINT('',(-1.840979912766,-24.26451551506));
#1833 = CARTESIAN_POINT('',(-1.872969315838,-24.33178780525));
#1834 = CARTESIAN_POINT('',(-1.904446864652,-24.40569482464));
#1835 = CARTESIAN_POINT('',(-1.935383360752,-24.48537481849));
#1836 = CARTESIAN_POINT('',(-2.059349138977,-24.83061235745));
#1837 = CARTESIAN_POINT('',(-2.147736968373,-25.13833376484));
#1838 = CARTESIAN_POINT('',(-2.231839260976,-25.47277378325));
#1839 = CARTESIAN_POINT('',(-2.312452150369,-25.81871831143));
#1840 = CARTESIAN_POINT('',(-2.390387746699,-26.1651854699));
#1841 = CARTESIAN_POINT('',(-2.466521441111,-26.50385677518));
#1842 = CARTESIAN_POINT('',(-2.621367888882,-27.16652235458));
#1843 = CARTESIAN_POINT('',(-2.700536843865,-27.49099641494));
#1844 = CARTESIAN_POINT('',(-2.779329400088,-27.78413943455));
#1845 = CARTESIAN_POINT('',(-2.857873341919,-28.03057564496));
#1846 = CARTESIAN_POINT('',(-2.93646036151,-28.21663663567));
#1847 = CARTESIAN_POINT('',(-3.01554325223,-28.33192645892));
#1848 = CARTESIAN_POINT('',(-3.102305562382,-28.37324166067));
#1849 = CARTESIAN_POINT('',(-3.108852209122,-28.37584217229));
#1850 = CARTESIAN_POINT('',(-3.115399579037,-28.37792438456));
#1851 = CARTESIAN_POINT('',(-3.121947497697,-28.37948694731));
#1852 = CARTESIAN_POINT('',(-3.128495784423,-28.38052895866));
#1853 = CARTESIAN_POINT('',(-3.135044252293,-28.38104996509));
#1854 = CARTESIAN_POINT('',(-3.141592708135,-28.38104996137));
#1855 = ( GEOMETRIC_REPRESENTATION_CONTEXT(2) 
PARAMETRIC_REPRESENTATION_CONTEXT() REPRESENTATION_CONTEXT('2D SPACE',''
  ) );
#1856 = PCURVE('',#1857,#1862);
#1857 = CYLINDRICAL_SURFACE('',#1858,16.);
#1858 = AXIS2_PLACEMENT_3D('',#1859,#1860,#1861);
#1859 = CARTESIAN_POINT('',(0.,0.,0.));
#1860 = DIRECTION('',(-0.,-0.,-1.));
#1861 = DIRECTION('',(1.,0.,0.));
#1862 = DEFINITIONAL_REPRESENTATION('',(#1863),#1926);
#1863 = B_SPLINE_CURVE_WITH_KNOTS('',7,(#1864,#1865,#1866,#1867,#1868,
    #1869,#1870,#1871,#1872,#1873,#1874,#1875,#1876,#1877,#1878,#1879,
    #1880,#1881,#1882,#1883,#1884,#1885,#1886,#1887,#1888,#1889,#1890,
    #1891,#1892,#1893,#1894,#1895,#1896,#1897,#1898,#1899,#1900,#1901,
    #1902,#1903,#1904,#1905,#1906,#1907,#1908,#1909,#1910,#1911,#1912,
    #1913,#1914,#1915,#1916,#1917,#1918,#1919,#1920,#1921,#1922,#1923,
    #1924,#1925),.UNSPECIFIED.,.F.,.F.,(8,6,6,6,6,6,6,6,6,6,8),(0.,
    0.100779241618,0.211859445754,0.348227779904,0.397224079345,
    0.457349924798,0.543703966002,0.60371271621,0.788730937971,
    0.984060871629,1.),.UNSPECIFIED.);
#1864 = CARTESIAN_POINT('',(-2.383551888164,3.552713678801E-15));
#1865 = CARTESIAN_POINT('',(-2.383551888164,-0.451105848054));
#1866 = CARTESIAN_POINT('',(-2.385409418038,-0.901521003502));
#1867 = CARTESIAN_POINT('',(-2.389114429426,-1.350066788729));
#1868 = CARTESIAN_POINT('',(-2.394629548763,-1.79551525087));
#1869 = CARTESIAN_POINT('',(-2.401889637829,-2.23652718096));
#1870 = CARTESIAN_POINT('',(-2.41080035217,-2.671592419302));
#1871 = CARTESIAN_POINT('',(-2.43273767199,-3.570036328524));
#1872 = CARTESIAN_POINT('',(-2.44610197692,-4.032178781017));
#1873 = CARTESIAN_POINT('',(-2.461217028177,-4.485156770588));
#1874 = CARTESIAN_POINT('',(-2.477983327177,-4.928582992991));
#1875 = CARTESIAN_POINT('',(-2.496314801498,-5.361912054145));
#1876 = CARTESIAN_POINT('',(-2.516140329382,-5.784430165937));
#1877 = CARTESIAN_POINT('',(-2.563511708984,-6.699591978629));
#1878 = CARTESIAN_POINT('',(-2.591781564568,-7.186183429273));
#1879 = CARTESIAN_POINT('',(-2.622194714756,-7.65498386682));
#1880 = CARTESIAN_POINT('',(-2.654794988695,-8.104905442708));
#1881 = CARTESIAN_POINT('',(-2.689664069802,-8.533569007897));
#1882 = CARTESIAN_POINT('',(-2.72690621174,-8.937021150593));
#1883 = CARTESIAN_POINT('',(-2.780921467202,-9.443207780977));
#1884 = CARTESIAN_POINT('',(-2.79552737633,-9.573053430946));
#1885 = CARTESIAN_POINT('',(-2.810465680652,-9.698648620465));
#1886 = CARTESIAN_POINT('',(-2.825740163594,-9.819663961361));
#1887 = CARTESIAN_POINT('',(-2.841354543188,-9.935739360365));
#1888 = CARTESIAN_POINT('',(-2.857312631298,-10.04648380665));
#1889 = CARTESIAN_POINT('',(-2.893628243031,-10.28031537634));
#1890 = CARTESIAN_POINT('',(-2.914186094272,-10.40064862372));
#1891 = CARTESIAN_POINT('',(-2.935259385478,-10.51138315462));
#1892 = CARTESIAN_POINT('',(-2.956816534609,-10.61149905563));
#1893 = CARTESIAN_POINT('',(-2.978826892784,-10.70004247765));
#1894 = CARTESIAN_POINT('',(-3.001260598397,-10.77611986662));
#1895 = CARTESIAN_POINT('',(-3.056874259044,-10.92904717063));
#1896 = CARTESIAN_POINT('',(-3.090451318759,-10.99169791853));
#1897 = CARTESIAN_POINT('',(-3.124494265422,-11.0237748949));
#1898 = CARTESIAN_POINT('',(-3.15869103948,-11.02377491737));
#1899 = CARTESIAN_POINT('',(-3.192734002887,-10.99169793035));
#1900 = CARTESIAN_POINT('',(-3.2263110761,-10.92904709374));
#1901 = CARTESIAN_POINT('',(-3.281880232085,-10.77624216933));
#1902 = CARTESIAN_POINT('',(-3.304271942643,-10.70033627234));
#1903 = CARTESIAN_POINT('',(-3.326242597382,-10.61200749369));
#1904 = CARTESIAN_POINT('',(-3.347762146773,-10.51214431982));
#1905 = CARTESIAN_POINT('',(-3.368799752585,-10.40169646864));
#1906 = CARTESIAN_POINT('',(-3.389323638459,-10.28168062507));
#1907 = CARTESIAN_POINT('',(-3.47089470612,-9.757013712926));
#1908 = CARTESIAN_POINT('',(-3.527465077715,-9.279136528693));
#1909 = CARTESIAN_POINT('',(-3.579332572077,-8.742099224394));
#1910 = CARTESIAN_POINT('',(-3.626802792833,-8.160497003135));
#1911 = CARTESIAN_POINT('',(-3.670148191652,-7.542950586171));
#1912 = CARTESIAN_POINT('',(-3.709578903319,-6.892733736261));
#1913 = CARTESIAN_POINT('',(-3.782557582634,-5.486687312932));
#1914 = CARTESIAN_POINT('',(-3.81591407998,-4.722005640349));
#1915 = CARTESIAN_POINT('',(-3.84446976269,-3.923125512058));
#1916 = CARTESIAN_POINT('',(-3.867585452477,-3.097567207662));
#1917 = CARTESIAN_POINT('',(-3.884656688455,-2.250654845075));
#1918 = CARTESIAN_POINT('',(-3.895163473854,-1.385440296757));
#1919 = CARTESIAN_POINT('',(-3.898923349686,-0.432057124394));
#1920 = CARTESIAN_POINT('',(-3.899159908937,-0.360094438837));
#1921 = CARTESIAN_POINT('',(-3.899349260713,-0.288103637754));
#1922 = CARTESIAN_POINT('',(-3.899491326868,-0.216091670836));
#1923 = CARTESIAN_POINT('',(-3.899586055181,-0.144065562977));
#1924 = CARTESIAN_POINT('',(-3.899633419354,-7.203241426752E-02));
#1925 = CARTESIAN_POINT('',(-3.899633419016,5.999999999062E-07));
#1926 = ( GEOMETRIC_REPRESENTATION_CONTEXT(2) 
PARAMETRIC_REPRESENTATION_CONTEXT() REPRESENTATION_CONTEXT('2D SPACE',''
  ) );
#1927 = ORIENTED_EDGE('',*,*,#1928,.T.);
#1928 = EDGE_CURVE('',#1724,#1362,#1929,.T.);
#1929 = SEAM_CURVE('',#1930,(#1934,#1941),.PCURVE_S1.);
#1930 = LINE('',#1931,#1932);
#1931 = CARTESIAN_POINT('',(-40.,11.,0.));
#1932 = VECTOR('',#1933,1.);
#1933 = DIRECTION('',(1.,0.,0.));
#1934 = PCURVE('',#1378,#1935);
#1935 = DEFINITIONAL_REPRESENTATION('',(#1936),#1940);
#1936 = LINE('',#1937,#1938);
#1937 = CARTESIAN_POINT('',(-6.28318530718,0.));
#1938 = VECTOR('',#1939,1.);
#1939 = DIRECTION('',(-0.,-1.));
#1940 = ( GEOMETRIC_REPRESENTATION_CONTEXT(2) 
PARAMETRIC_REPRESENTATION_CONTEXT() REPRESENTATION_CONTEXT('2D SPACE',''
  ) );
#1941 = PCURVE('',#1378,#1942);
#1942 = DEFINITIONAL_REPRESENTATION('',(#1943),#1947);
#1943 = LINE('',#1944,#1945);
#1944 = CARTESIAN_POINT('',(-0.,0.));
#1945 = VECTOR('',#1946,1.);
#1946 = DIRECTION('',(-0.,-1.));
#1947 = ( GEOMETRIC_REPRESENTATION_CONTEXT(2) 
PARAMETRIC_REPRESENTATION_CONTEXT() REPRESENTATION_CONTEXT('2D SPACE',''
  ) );
#1948 = ORIENTED_EDGE('',*,*,#1361,.T.);
#1949 = ORIENTED_EDGE('',*,*,#1928,.F.);
#1950 = ORIENTED_EDGE('',*,*,#1951,.F.);
#1951 = EDGE_CURVE('',#1425,#1724,#1952,.T.);
#1952 = SURFACE_CURVE('',#1953,(#1957,#1964),.PCURVE_S1.);
#1953 = LINE('',#1954,#1955);
#1954 = CARTESIAN_POINT('',(-40.,11.,0.));
#1955 = VECTOR('',#1956,1.);
#1956 = DIRECTION('',(1.,0.,0.));
#1957 = PCURVE('',#1378,#1958);
#1958 = DEFINITIONAL_REPRESENTATION('',(#1959),#1963);
#1959 = LINE('',#1960,#1961);
#1960 = CARTESIAN_POINT('',(-6.28318530718,0.));
#1961 = VECTOR('',#1962,1.);
#1962 = DIRECTION('',(-0.,-1.));
#1963 = ( GEOMETRIC_REPRESENTATION_CONTEXT(2) 
PARAMETRIC_REPRESENTATION_CONTEXT() REPRESENTATION_CONTEXT('2D SPACE',''
  ) );
#1964 = PCURVE('',#1712,#1965);
#1965 = DEFINITIONAL_REPRESENTATION('',(#1966),#1970);
#1966 = LINE('',#1967,#1968);
#1967 = CARTESIAN_POINT('',(-40.,11.));
#1968 = VECTOR('',#1969,1.);
#1969 = DIRECTION('',(1.,0.));
#1970 = ( GEOMETRIC_REPRESENTATION_CONTEXT(2) 
PARAMETRIC_REPRESENTATION_CONTEXT() REPRESENTATION_CONTEXT('2D SPACE',''
  ) );
#1971 = ORIENTED_EDGE('',*,*,#1424,.F.);
#1972 = ADVANCED_FACE('',(#1973),#1712,.F.);
#1973 = FACE_BOUND('',#1974,.F.);
#1974 = EDGE_LOOP('',(#1975,#1976,#1998,#1999));
#1975 = ORIENTED_EDGE('',*,*,#1951,.F.);
#1976 = ORIENTED_EDGE('',*,*,#1977,.T.);
#1977 = EDGE_CURVE('',#1425,#1448,#1978,.T.);
#1978 = SURFACE_CURVE('',#1979,(#1984,#1991),.PCURVE_S1.);
#1979 = CIRCLE('',#1980,20.);
#1980 = AXIS2_PLACEMENT_3D('',#1981,#1982,#1983);
#1981 = CARTESIAN_POINT('',(0.,0.,0.));
#1982 = DIRECTION('',(0.,0.,1.));
#1983 = DIRECTION('',(1.,0.,0.));
#1984 = PCURVE('',#1712,#1985);
#1985 = DEFINITIONAL_REPRESENTATION('',(#1986),#1990);
#1986 = CIRCLE('',#1987,20.);
#1987 = AXIS2_PLACEMENT_2D('',#1988,#1989);
#1988 = CARTESIAN_POINT('',(1.093952106032E-15,-2.775209066E-16));
#1989 = DIRECTION('',(1.,0.));
#1990 = ( GEOMETRIC_REPRESENTATION_CONTEXT(2) 
PARAMETRIC_REPRESENTATION_CONTEXT() REPRESENTATION_CONTEXT('2D SPACE',''
  ) );
#1991 = PCURVE('',#1611,#1992);
#1992 = DEFINITIONAL_REPRESENTATION('',(#1993),#1997);
#1993 = LINE('',#1994,#1995);
#1994 = CARTESIAN_POINT('',(-0.,0.));
#1995 = VECTOR('',#1996,1.);
#1996 = DIRECTION('',(-1.,0.));
#1997 = ( GEOMETRIC_REPRESENTATION_CONTEXT(2) 
PARAMETRIC_REPRESENTATION_CONTEXT() REPRESENTATION_CONTEXT('2D SPACE',''
  ) );
#1998 = ORIENTED_EDGE('',*,*,#1697,.F.);
#1999 = ORIENTED_EDGE('',*,*,#2000,.F.);
#2000 = EDGE_CURVE('',#1724,#1698,#2001,.T.);
#2001 = SURFACE_CURVE('',#2002,(#2007,#2014),.PCURVE_S1.);
#2002 = CIRCLE('',#2003,16.);
#2003 = AXIS2_PLACEMENT_3D('',#2004,#2005,#2006);
#2004 = CARTESIAN_POINT('',(0.,0.,0.));
#2005 = DIRECTION('',(0.,0.,1.));
#2006 = DIRECTION('',(1.,0.,0.));
#2007 = PCURVE('',#1712,#2008);
#2008 = DEFINITIONAL_REPRESENTATION('',(#2009),#2013);
#2009 = CIRCLE('',#2010,16.);
#2010 = AXIS2_PLACEMENT_2D('',#2011,#2012);
#2011 = CARTESIAN_POINT('',(1.093952106032E-15,-2.775209066E-16));
#2012 = DIRECTION('',(1.,0.));
#2013 = ( GEOMETRIC_REPRESENTATION_CONTEXT(2) 
PARAMETRIC_REPRESENTATION_CONTEXT() REPRESENTATION_CONTEXT('2D SPACE',''
  ) );
#2014 = PCURVE('',#1857,#2015);
#2015 = DEFINITIONAL_REPRESENTATION('',(#2016),#2020);
#2016 = LINE('',#2017,#2018);
#2017 = CARTESIAN_POINT('',(-0.,0.));
#2018 = VECTOR('',#2019,1.);
#2019 = DIRECTION('',(-1.,0.));
#2020 = ( GEOMETRIC_REPRESENTATION_CONTEXT(2) 
PARAMETRIC_REPRESENTATION_CONTEXT() REPRESENTATION_CONTEXT('2D SPACE',''
  ) );
#2021 = ADVANCED_FACE('',(#2022),#1857,.F.);
#2022 = FACE_BOUND('',#2023,.T.);
#2023 = EDGE_LOOP('',(#2024,#2025));
#2024 = ORIENTED_EDGE('',*,*,#2000,.F.);
#2025 = ORIENTED_EDGE('',*,*,#1723,.T.);
#2026 = ADVANCED_FACE('',(#2027),#1611,.T.);
#2027 = FACE_BOUND('',#2028,.F.);
#2028 = EDGE_LOOP('',(#2029,#2030));
#2029 = ORIENTED_EDGE('',*,*,#1977,.F.);
#2030 = ORIENTED_EDGE('',*,*,#1447,.T.);
#2031 = ( GEOMETRIC_REPRESENTATION_CONTEXT(3) 
GLOBAL_UNCERTAINTY_ASSIGNED_CONTEXT((#2035)) 
GLOBAL_UNIT_ASSIGNED_CONTEXT((#2032,#2033,#2034)) REPRESENTATION_CONTEXT
('Context #1','3D Context with UNIT and UNCERTAINTY') );
#2032 = ( LENGTH_UNIT() NAMED_UNIT(*) SI_UNIT(.MILLI.,.METRE.) );
#2033 = ( NAMED_UNIT(*) PLANE_ANGLE_UNIT() SI_UNIT($,.RADIAN.) );
#2034 = ( NAMED_UNIT(*) SI_UNIT($,.STERADIAN.) SOLID_ANGLE_UNIT() );
#2035 = UNCERTAINTY_MEASURE_WITH_UNIT(LENGTH_MEASURE(2.E-07),#2032,
  'distance_accuracy_value','confusion accuracy');
#2036 = PRODUCT_RELATED_PRODUCT_CATEGORY('part',$,(#7));
ENDSEC;
END-ISO-10303-21;
